state,account_length,area_code,international_plan,voice_mail_plan,number_vmail_messages,total_day_minutes,total_day_calls,total_eve_minutes,total_eve_calls,total_night_minutes,total_night_calls,total_intl_minutes,total_intl_calls,number_customer_service_calls,churn
AR,110,area_code_408,False,False,0,55.3,102,164.7,124,200.7,108,10.2,5,1,False
WV,141,area_code_415,True,True,37,258.6,84,222.0,111,326.4,97,11.2,5,0,False
PA,122,area_code_415,True,False,0,230.9,132,243.2,99,182.4,57,11.0,2,0,True
ND,190,area_code_415,False,False,0,169.4,102,253.5,113,197.1,93,8.9,5,1,False
TN,68,area_code_415,False,False,0,178.7,61,252.3,84,255.7,76,8.4,4,1,False
VT,122,area_code_415,True,False,0,49.5,114,214.1,98,154.9,120,10.0,4,0,False
IA,45,area_code_415,False,False,0,211.3,87,165.7,97,265.9,72,13.3,6,1,False
AR,89,area_code_415,False,True,25,215.1,140,197.4,69,162.1,117,10.6,10,1,False
TN,130,area_code_408,False,False,0,127.0,102,206.9,107,231.7,99,6.1,6,0,False
KY,145,area_code_408,False,False,0,135.0,122,206.3,88,210.4,90,19.7,4,0,False
CT,184,area_code_510,True,False,0,213.8,105,159.6,84,139.2,137,5.0,10,2,False
SD,163,area_code_415,True,False,0,197.2,90,188.5,113,211.1,94,7.8,8,1,False
NH,88,area_code_415,False,False,0,202.2,86,216.8,93,239.4,99,11.8,2,2,False
UT,138,area_code_510,False,False,0,205.9,96,257.1,94,209.0,63,12.1,8,0,False
NH,125,area_code_415,True,False,0,298.4,78,270.5,142,107.3,84,12.2,2,0,True
VA,143,area_code_510,False,False,0,110.1,113,169.0,59,166.7,94,9.2,2,1,False
UT,67,area_code_510,False,True,20,230.6,40,189.1,58,162.2,115,9.4,2,1,False
WA,126,area_code_510,False,True,42,247.8,96,159.1,98,201.8,73,10.6,3,2,False
AK,41,area_code_415,False,False,0,159.3,66,125.9,75,261.9,76,11.1,5,1,False
AR,87,area_code_510,False,False,0,120.5,99,210.0,81,224.7,141,8.6,2,2,False
WI,54,area_code_415,False,False,0,116.8,119,123.1,123,217.5,101,12.0,2,1,False
NY,68,area_code_510,False,False,0,141.9,112,166.2,94,223.5,77,9.2,6,1,False
AL,141,area_code_510,False,True,28,308.0,123,247.8,128,152.9,103,7.4,3,1,False
WA,55,area_code_415,False,False,0,194.1,121,176.6,110,302.8,136,7.0,7,2,False
WI,93,area_code_415,False,False,0,152.1,141,215.5,107,262.4,111,12.0,7,1,False
NM,42,area_code_415,False,False,0,137.9,160,234.9,107,166.6,70,14.3,3,5,True
GA,63,area_code_408,False,False,0,204.0,119,161.7,90,202.6,113,9.4,4,3,False
MI,87,area_code_415,False,False,0,198.3,80,187.0,89,133.5,96,16.6,4,2,False
ID,42,area_code_415,False,False,0,92.2,108,211.2,120,129.1,73,13.1,6,1,False
WY,42,area_code_408,False,False,0,146.3,84,255.9,113,45.0,117,8.0,12,1,False
AL,82,area_code_408,False,False,0,154.0,107,94.4,114,287.6,95,10.1,7,1,False
UT,25,area_code_415,True,False,0,161.7,99,216.1,89,176.7,115,12.4,6,1,False
OR,12,area_code_415,False,False,0,204.6,98,212.5,90,182.1,95,9.8,7,2,False
WA,136,area_code_408,False,False,0,152.6,97,208.9,85,119.1,99,5.0,10,1,False
NC,88,area_code_408,False,True,27,93.4,106,252.0,92,189.0,104,10.9,1,1,False
AR,49,area_code_408,True,True,32,176.9,118,227.0,121,204.4,115,15.1,3,3,True
MT,97,area_code_415,False,True,15,117.6,97,196.3,126,157.4,113,6.4,3,1,False
FL,143,area_code_415,False,False,0,119.1,117,287.7,136,223.0,100,12.2,4,0,False
MN,49,area_code_415,False,False,0,171.5,86,188.8,85,155.1,82,8.5,2,2,False
RI,114,area_code_510,False,True,28,225.8,94,193.0,117,232.4,100,8.4,9,4,False
AR,95,area_code_415,False,False,0,69.4,79,190.8,109,219.9,102,8.9,5,0,False
UT,89,area_code_415,False,False,0,89.7,80,179.8,81,145.7,120,9.5,4,2,False
MT,100,area_code_415,False,False,0,113.3,96,197.9,89,284.5,93,11.7,2,4,True
IN,60,area_code_415,False,False,0,136.4,147,219.9,101,99.7,73,7.0,3,0,False
TN,140,area_code_415,False,False,0,125.3,84,167.6,121,260.6,94,8.4,4,1,False
MI,102,area_code_510,False,False,0,102.6,89,246.0,77,170.5,140,9.1,4,2,False
ID,108,area_code_415,False,False,0,221.8,105,108.2,107,207.1,87,12.1,3,2,False
WA,65,area_code_510,False,False,0,183.4,63,183.6,80,153.5,83,10.7,4,4,True
WV,154,area_code_408,False,True,35,64.9,76,184.1,91,151.6,75,14.6,1,1,False
NY,77,area_code_415,False,False,0,184.7,130,194.0,105,249.1,91,9.0,4,1,False
WV,143,area_code_510,False,False,0,202.8,109,165.8,104,143.9,71,4.6,4,1,False
MN,124,area_code_510,True,False,0,157.8,71,203.2,114,168.7,82,10.0,2,3,True
WA,81,area_code_415,False,False,0,183.6,116,152.6,98,212.2,99,12.2,6,3,False
AK,112,area_code_415,False,True,31,142.9,92,233.8,107,329.2,142,10.4,6,0,False
IL,55,area_code_415,False,False,0,203.7,80,230.2,112,120.3,48,9.4,1,3,False
AL,96,area_code_415,True,False,0,200.6,117,289.5,120,98.3,95,11.2,5,2,False
GA,27,area_code_415,False,True,32,190.3,97,279.0,77,133.8,117,8.4,3,2,False
RI,102,area_code_510,False,False,0,184.6,133,166.8,94,225.2,105,6.8,8,1,False
MO,85,area_code_510,False,False,0,165.8,96,190.0,141,144.0,116,10.9,3,5,True
IL,98,area_code_510,True,False,0,158.4,71,306.6,66,144.2,93,2.1,4,1,False
RI,125,area_code_408,False,False,0,113.0,108,169.2,107,156.6,61,9.2,5,2,True
CO,126,area_code_415,False,False,0,120.0,82,213.6,111,312.9,136,7.5,6,1,False
DE,114,area_code_415,False,True,31,222.8,98,180.5,105,151.3,101,13.0,4,0,False
PA,91,area_code_415,False,False,0,139.8,109,157.0,91,218.6,122,13.6,4,3,False
KY,7,area_code_510,False,True,33,211.8,99,170.9,110,244.2,125,11.2,4,2,False
MD,129,area_code_415,False,True,34,204.5,79,132.8,113,190.1,117,14.8,9,2,False
CO,119,area_code_408,False,False,0,124.3,68,207.1,88,157.4,93,14.8,1,0,False
OH,149,area_code_408,False,False,0,196.3,108,136.8,96,154.7,87,7.7,3,2,False
IL,148,area_code_408,False,True,25,230.7,102,233.8,109,215.8,90,13.5,2,3,False
MT,122,area_code_510,False,False,0,190.0,125,141.5,77,216.8,68,15.9,3,3,False
MS,122,area_code_408,False,True,45,147.8,85,147.4,93,203.5,110,14.0,5,1,False
WI,82,area_code_408,False,False,0,217.6,82,169.4,101,248.9,124,12.7,3,0,False
HI,137,area_code_510,False,True,20,268.5,91,128.8,121,146.4,98,12.7,6,1,False
MI,76,area_code_415,False,True,37,190.8,58,221.9,101,211.2,104,12.3,4,1,False
VA,118,area_code_408,False,False,0,154.8,71,244.0,73,159.6,81,12.8,4,0,False
MN,139,area_code_510,False,False,0,134.4,106,211.3,98,193.6,125,10.2,2,5,True
OH,83,area_code_415,False,False,0,337.4,120,227.4,116,153.9,114,15.8,7,0,True
AL,91,area_code_510,False,True,23,232.4,97,186.0,88,190.5,128,12.3,3,3,False
AL,112,area_code_510,False,False,0,189.4,83,219.0,89,168.0,116,7.1,8,3,False
MI,86,area_code_408,False,False,0,148.2,71,285.1,91,166.4,155,6.2,3,2,False
TX,48,area_code_510,False,False,0,198.2,108,181.0,70,238.9,86,12.1,2,1,False
AR,99,area_code_408,False,True,21,180.2,97,167.7,47,203.1,84,14.6,5,2,False
TN,121,area_code_415,False,False,0,217.3,79,218.0,106,166.5,69,11.5,7,1,False
NY,111,area_code_415,False,False,0,181.8,117,158.1,91,266.2,123,9.7,9,0,False
MS,130,area_code_510,False,False,0,203.9,63,191.8,93,132.5,125,12.1,4,3,False
WY,107,area_code_510,False,True,31,160.3,45,221.5,70,261.6,109,5.6,1,1,False
IA,74,area_code_408,False,False,0,156.3,102,273.1,118,215.8,113,9.0,4,3,False
OR,95,area_code_415,False,False,0,167.6,96,176.0,89,250.9,113,13.4,6,2,False
OH,75,area_code_510,False,True,46,214.1,62,200.9,111,246.8,126,9.2,6,0,False
MS,114,area_code_415,False,True,34,154.4,109,221.4,142,208.5,103,10.3,5,0,False
PA,114,area_code_415,False,False,0,155.3,75,169.9,87,207.0,133,12.6,5,2,False
DC,68,area_code_415,True,True,39,142.0,140,241.6,89,302.0,72,11.3,5,1,False
TN,119,area_code_415,False,False,0,130.5,98,249.5,91,219.9,117,12.7,1,3,False
NJ,91,area_code_415,False,False,0,93.5,110,213.3,79,171.7,83,8.9,4,4,True
WA,70,area_code_415,False,False,0,229.3,110,118.2,89,155.0,105,7.9,4,1,False
ID,73,area_code_510,False,True,28,198.2,107,139.1,123,199.1,139,8.8,1,2,False
OR,92,area_code_415,False,False,0,114.6,94,209.0,78,209.7,97,8.3,5,2,False
VT,131,area_code_415,False,False,0,175.1,73,171.9,116,131.1,94,7.3,6,1,False
FL,127,area_code_415,False,True,24,211.5,121,183.9,115,186.2,103,13.5,1,3,False
ND,104,area_code_415,False,False,0,118.5,92,177.8,109,255.7,98,12.1,4,1,False
KY,120,area_code_408,False,False,0,180.8,93,190.1,82,192.3,66,10.5,7,2,False
KS,70,area_code_415,False,False,0,325.5,128,300.3,105,199.8,93,5.7,7,1,True
MS,43,area_code_510,False,False,0,159.5,99,119.7,149,173.9,126,6.8,3,2,False
OR,25,area_code_408,False,False,0,178.8,90,141.2,72,203.0,99,8.4,5,2,False
VA,112,area_code_408,False,True,29,198.8,122,238.6,114,289.5,69,11.5,5,1,False
GA,99,area_code_510,False,False,0,214.9,103,218.4,121,272.6,110,9.6,3,2,False
MO,95,area_code_415,True,False,0,165.5,84,286.2,112,198.9,89,11.5,2,1,True
WI,142,area_code_408,False,True,24,239.8,103,285.9,65,256.7,106,9.5,4,0,False
MT,100,area_code_415,False,False,0,96.5,86,210.2,133,146.4,106,12.5,3,1,True
WV,83,area_code_415,False,True,37,78.5,109,210.5,101,179.7,102,11.8,4,1,False
LA,93,area_code_415,False,False,0,179.3,93,178.6,98,225.2,131,11.5,6,3,False
NM,110,area_code_415,False,False,0,198.2,92,147.1,97,199.6,76,16.5,4,4,False
MS,117,area_code_415,False,False,0,189.8,122,235.6,94,270.8,120,12.7,2,1,False
NC,64,area_code_408,False,True,19,291.1,150,226.7,123,219.1,67,7.5,2,1,False
UT,164,area_code_510,False,False,0,192.1,95,249.8,94,132.6,100,7.3,3,3,False
DC,74,area_code_415,False,False,0,85.7,83,247.7,67,142.4,85,10.1,5,2,False
CT,73,area_code_415,False,True,47,173.7,117,204.0,114,174.6,94,6.3,3,2,False
NY,65,area_code_510,False,False,0,195.4,110,181.2,109,178.5,105,8.9,4,0,False
UT,44,area_code_415,False,False,0,202.6,89,163.0,96,268.1,151,8.3,3,0,False
IN,168,area_code_415,False,False,0,160.6,110,185.2,120,120.2,104,9.1,4,1,True
VT,101,area_code_510,False,False,0,0.0,0,192.1,119,168.8,95,7.2,4,1,False
GA,64,area_code_510,False,False,0,216.9,78,211.0,115,179.8,116,11.4,5,3,False
NM,147,area_code_510,False,False,0,248.6,83,148.9,85,172.5,109,8.0,4,3,False
VT,109,area_code_415,False,False,0,134.3,99,203.9,103,297.7,91,7.6,2,3,False
WI,111,area_code_415,False,False,0,246.5,108,216.3,89,179.6,99,12.7,3,2,False
ND,82,area_code_415,False,True,29,163.8,77,134.9,112,79.3,95,8.8,2,2,False
DC,80,area_code_408,False,False,0,51.5,90,164.0,98,169.4,80,9.5,4,3,False
WY,101,area_code_415,False,True,24,240.5,103,280.5,78,212.8,69,10.4,5,2,False
NC,92,area_code_408,False,False,0,192.1,87,193.0,122,133.4,79,10.7,2,1,False
MO,83,area_code_415,False,False,0,196.7,117,272.0,89,199.9,62,10.1,11,3,False
WV,67,area_code_510,False,False,0,152.5,131,252.4,107,185.4,104,4.9,3,2,False
IN,51,area_code_510,False,False,0,214.8,94,149.7,58,283.4,66,10.2,5,0,False
CT,59,area_code_415,False,True,46,200.1,44,126.0,78,146.3,123,10.6,5,1,False
MA,57,area_code_510,False,False,0,154.2,78,196.7,85,253.5,97,10.1,9,1,False
OK,99,area_code_408,False,False,0,155.6,90,240.1,117,230.8,88,10.8,4,3,False
WV,3,area_code_408,False,False,0,182.9,87,172.1,103,233.1,89,12.1,3,4,False
CT,162,area_code_408,False,False,0,49.2,121,143.9,136,203.0,97,12.1,13,1,False
SD,221,area_code_510,False,True,24,180.5,85,224.1,92,205.7,103,2.4,3,0,False
MI,112,area_code_510,False,False,0,243.4,77,182.1,97,259.2,94,12.8,2,1,False
IN,98,area_code_408,False,True,21,64.6,98,176.1,86,244.8,84,0.0,0,2,False
MN,46,area_code_415,False,False,0,214.1,72,164.4,104,177.5,113,8.2,3,2,False
KS,116,area_code_408,True,False,0,232.2,98,244.7,91,151.3,69,10.6,1,7,True
MO,160,area_code_415,False,False,0,171.2,103,243.5,121,178.2,92,13.0,3,2,False
OR,133,area_code_415,False,False,0,143.8,71,184.0,131,275.5,132,12.9,4,3,False
CO,88,area_code_510,False,False,0,61.9,78,262.6,114,212.5,110,8.8,2,3,False
IL,117,area_code_408,False,False,0,228.3,84,152.6,92,309.7,101,3.7,3,3,False
AL,98,area_code_408,False,False,0,207.0,94,256.3,64,137.6,60,10.4,4,2,False
SC,22,area_code_408,False,False,0,110.3,107,166.5,93,202.3,96,9.5,5,0,False
IA,81,area_code_510,False,False,0,203.5,89,289.6,69,212.9,71,8.7,3,3,False
AK,36,area_code_408,False,True,30,146.3,128,162.5,80,129.3,109,14.5,6,0,False
NH,170,area_code_415,False,False,0,222.8,82,148.2,105,231.1,75,13.3,5,1,False
SC,36,area_code_408,False,True,43,29.9,123,129.1,117,325.9,105,8.6,6,2,False
AR,76,area_code_408,False,False,0,107.3,140,238.2,133,271.8,116,10.0,3,4,True
ND,124,area_code_415,False,False,0,150.3,101,255.9,112,136.7,62,12.5,4,2,False
KY,133,area_code_415,False,False,0,226.8,87,127.9,93,160.1,89,9.2,3,0,False
MA,65,area_code_408,False,False,0,158.3,71,168.3,119,139.9,119,6.6,6,2,False
MN,122,area_code_415,False,False,0,107.9,88,235.8,109,228.6,119,9.5,3,2,False
WA,88,area_code_510,False,False,0,202.6,139,210.7,123,81.1,86,9.8,8,1,False
IL,66,area_code_415,False,True,21,134.4,110,136.2,104,215.6,105,9.7,4,3,False
OH,114,area_code_415,False,False,0,191.5,88,175.2,78,220.3,118,0.0,0,0,False
RI,75,area_code_415,False,False,0,190.5,91,178.4,75,162.4,113,13.1,5,1,False
MO,6,area_code_510,False,False,0,183.6,117,256.7,72,178.6,79,10.2,2,1,False
IA,92,area_code_415,False,False,0,138.1,131,175.7,128,192.7,119,10.0,3,3,False
AK,58,area_code_510,False,False,0,131.9,96,167.6,107,205.9,106,14.7,5,3,False
OR,100,area_code_415,False,False,0,129.4,69,251.3,73,157.1,92,10.4,3,1,False
WI,120,area_code_408,False,True,26,239.4,94,259.4,88,238.0,132,7.7,3,0,False
MS,72,area_code_510,False,False,0,168.3,76,212.4,126,200.2,132,12.0,3,2,False
OK,86,area_code_415,False,True,33,253.1,112,210.1,94,95.0,98,11.9,4,3,False
IN,86,area_code_510,False,False,0,216.3,96,266.3,77,214.0,110,4.5,3,0,False
GA,141,area_code_510,False,True,23,149.7,112,162.5,118,220.3,115,7.6,2,3,False
MI,61,area_code_415,False,True,33,270.7,53,200.7,116,201.7,102,10.9,3,3,False
HI,155,area_code_415,True,True,26,211.7,121,139.2,123,146.7,89,11.1,3,1,False
IA,80,area_code_408,False,True,22,182.8,142,229.3,111,313.8,85,11.3,2,1,False
MN,62,area_code_415,False,False,0,147.1,91,190.4,107,195.2,115,12.2,3,0,False
ID,105,area_code_408,False,False,0,232.6,96,253.4,117,154.0,101,10.5,9,1,False
AL,90,area_code_415,False,False,0,214.9,97,117.8,117,133.7,78,11.8,2,2,False
KY,86,area_code_408,False,False,0,139.1,95,146.2,82,186.8,120,11.8,5,2,False
WI,63,area_code_510,False,True,13,214.2,61,181.2,88,174.0,68,10.3,2,0,False
WY,114,area_code_415,False,True,32,125.2,79,177.8,105,232.4,89,12.9,3,1,False
MD,76,area_code_415,True,False,0,273.3,66,263.6,121,165.2,84,12.0,7,1,True
MI,116,area_code_408,False,False,0,133.3,94,247.8,126,219.0,78,11.3,5,5,True
RI,106,area_code_510,True,False,0,204.0,84,168.5,61,164.0,102,13.3,3,3,True
HI,49,area_code_510,False,False,0,119.3,117,215.1,109,178.7,90,11.1,1,1,False
AK,121,area_code_415,False,False,0,162.4,87,285.2,104,117.4,125,5.8,5,2,False
AZ,127,area_code_415,False,True,29,136.1,146,302.6,105,163.1,116,18.5,2,2,False
TN,102,area_code_510,False,False,0,103.1,70,275.0,129,141.1,92,11.2,5,1,False
TN,45,area_code_415,True,False,0,189.6,96,171.7,69,222.0,102,13.9,7,1,True
AZ,165,area_code_408,False,True,23,184.7,63,168.0,62,176.1,125,8.7,5,1,False
DC,150,area_code_510,True,False,0,114.8,156,135.3,78,218.4,98,15.6,4,1,True
CA,120,area_code_510,False,False,0,134.8,94,204.1,106,238.4,109,6.7,8,1,False
OH,86,area_code_408,False,True,26,141.3,120,134.6,98,195.9,94,13.3,5,1,False
OR,125,area_code_408,False,True,32,96.5,109,145.8,109,174.4,82,9.4,2,1,False
FL,36,area_code_510,False,False,0,195.5,77,156.3,108,217.8,133,7.3,2,1,False
OR,129,area_code_510,False,True,36,192.8,103,177.0,83,216.5,118,16.4,5,1,False
WI,91,area_code_510,False,False,0,217.9,71,230.1,116,232.1,110,10.6,2,1,False
TN,110,area_code_415,False,False,0,227.7,88,170.0,96,128.7,57,11.7,5,1,False
WV,111,area_code_510,False,False,0,214.3,118,208.5,76,182.4,98,12.0,2,1,False
OH,88,area_code_408,False,False,0,274.6,105,161.1,121,194.4,123,9.2,4,2,False
MS,78,area_code_408,False,False,0,108.6,108,209.9,126,222.6,117,7.9,5,1,True
NC,61,area_code_510,False,False,0,7.2,97,221.8,78,174.5,94,12.0,4,1,False
MA,58,area_code_415,False,True,30,178.1,111,236.7,109,264.0,118,8.4,2,0,False
NJ,100,area_code_415,False,False,0,203.8,122,283.1,76,197.3,83,12.5,3,0,False
AK,42,area_code_415,False,False,0,171.0,129,183.9,96,130.2,90,4.6,6,0,False
MA,133,area_code_415,False,False,0,207.1,106,283.5,124,65.2,107,10.5,2,3,False
AR,127,area_code_415,False,True,27,157.6,107,280.6,49,75.1,77,8.0,4,1,False
IL,119,area_code_408,False,False,0,197.2,111,168.1,78,209.8,84,4.2,2,1,False
NE,105,area_code_415,False,True,27,141.2,96,167.7,94,274.4,101,11.4,2,1,False
DE,87,area_code_510,False,False,0,256.2,105,160.7,102,249.4,80,7.4,2,4,False
AL,49,area_code_415,False,True,28,214.4,78,235.2,100,206.2,107,8.0,13,3,False
MA,122,area_code_408,False,True,29,195.4,83,268.2,93,168.0,95,8.4,6,3,False
OR,91,area_code_408,False,False,0,240.8,105,192.8,93,253.4,69,7.6,3,4,False
ME,57,area_code_510,False,True,37,69.5,94,220.9,76,218.5,113,11.9,3,0,False
TN,74,area_code_415,False,True,25,234.4,113,265.9,82,241.4,77,13.7,4,0,False
FL,194,area_code_408,False,True,42,203.7,109,192.9,125,318.0,81,10.8,16,3,False
OH,78,area_code_415,False,True,27,121.9,88,225.4,75,90.8,118,13.0,4,3,False
LA,24,area_code_415,True,False,0,230.5,126,184.7,128,159.1,152,10.6,3,1,False
AL,98,area_code_408,False,False,0,161.0,117,190.9,113,227.7,113,12.1,4,4,False
SC,1,area_code_408,False,False,0,123.8,113,236.2,77,73.2,81,3.7,2,0,False
NV,109,area_code_408,False,True,39,270.0,58,235.5,108,194.3,57,7.8,6,1,True
AK,130,area_code_415,False,False,0,242.5,101,102.8,114,142.4,89,9.3,2,2,False
OK,177,area_code_408,False,False,0,175.4,99,155.3,83,179.4,86,11.5,3,1,False
IA,76,area_code_510,False,False,0,198.3,130,217.1,86,188.4,96,12.5,3,0,False
TX,75,area_code_415,True,False,0,222.4,78,327.0,111,208.0,104,8.7,9,1,True
RI,132,area_code_415,True,True,18,130.7,86,186.1,98,204.8,103,11.9,6,0,False
AK,117,area_code_415,False,False,0,181.5,95,205.1,88,204.0,82,14.7,9,2,False
KY,95,area_code_510,False,False,0,157.3,116,197.5,77,128.2,111,8.4,4,2,False
FL,155,area_code_415,False,False,0,181.4,111,167.7,92,168.5,122,11.3,3,3,False
ID,134,area_code_415,False,False,0,204.7,108,143.1,105,165.8,84,11.0,4,6,False
VA,104,area_code_408,False,False,0,138.7,107,256.9,113,234.9,74,10.0,3,0,False
NE,189,area_code_415,False,True,38,256.7,98,150.5,120,123.0,87,11.4,3,3,False
UT,51,area_code_408,False,True,0,212.9,80,236.1,57,187.6,99,8.8,4,2,False
AL,102,area_code_408,False,False,0,224.7,81,129.4,112,167.6,109,15.8,6,1,False
GA,93,area_code_408,False,True,21,134.2,105,162.5,128,186.6,90,11.8,2,4,True
OH,50,area_code_408,False,False,0,167.7,74,179.9,98,166.5,73,10.9,2,1,False
CO,68,area_code_408,False,False,0,237.1,105,223.5,105,97.4,79,13.2,2,1,False
IL,117,area_code_415,False,False,0,201.9,86,212.3,96,176.9,98,7.8,10,1,False
AL,92,area_code_408,False,False,0,185.8,61,118.1,131,257.5,70,11.8,4,1,False
IN,49,area_code_415,False,True,20,205.9,109,298.4,105,142.1,91,12.3,3,4,False
SD,131,area_code_510,False,False,0,187.9,110,200.5,101,202.6,125,10.2,11,2,False
NH,114,area_code_510,True,True,28,136.4,93,170.0,90,191.5,73,14.6,4,2,True
NH,80,area_code_510,False,False,0,213.3,124,189.6,86,193.7,107,12.1,2,1,False
NV,87,area_code_510,False,True,39,82.6,113,224.4,63,163.6,88,9.5,1,3,False
NJ,126,area_code_415,False,False,0,167.1,138,154.4,93,244.5,148,13.7,10,3,False
NJ,165,area_code_415,False,True,17,177.9,68,153.9,112,251.2,121,10.6,7,1,False
NV,93,area_code_408,False,False,0,114.3,100,221.1,103,126.3,88,10.9,9,0,False
WI,66,area_code_415,True,False,0,208.7,84,173.3,88,264.7,107,8.3,3,3,False
RI,75,area_code_415,False,False,0,122.8,89,211.3,104,261.4,91,10.7,2,2,False
AK,138,area_code_415,False,True,37,75.8,102,173.6,147,162.6,96,8.2,13,0,False
MD,68,area_code_408,False,False,0,150.4,106,199.0,131,109.7,103,12.3,3,3,False
MN,85,area_code_415,False,False,0,255.3,114,194.6,83,276.6,78,3.7,5,3,False
ME,88,area_code_415,False,False,0,192.0,91,127.6,127,155.6,125,7.5,5,1,False
HI,78,area_code_408,False,False,0,89.1,124,226.6,121,249.2,88,6.9,5,0,False
CT,150,area_code_510,False,False,0,189.3,77,220.9,105,238.7,117,9.2,5,4,False
MN,98,area_code_415,False,False,0,72.8,107,186.4,103,175.3,110,10.5,4,3,False
MI,139,area_code_415,False,True,20,214.6,101,235.1,132,162.8,132,14.8,12,0,False
KY,122,area_code_408,False,True,27,253.7,84,229.2,109,190.5,123,9.2,5,7,False
NJ,42,area_code_408,True,False,0,180.7,127,174.6,94,165.3,114,12.0,6,2,False
GA,158,area_code_415,False,False,0,165.4,70,280.1,104,121.8,106,10.4,9,1,False
ME,149,area_code_415,False,True,18,148.5,106,114.5,106,178.3,98,6.5,4,0,False
HI,87,area_code_408,False,True,28,143.5,106,223.5,147,175.4,69,11.2,5,0,False
MI,157,area_code_415,False,True,28,192.6,107,195.5,74,109.7,139,6.8,5,3,False
DC,29,area_code_510,False,False,0,182.1,92,180.4,91,206.4,128,7.2,2,2,False
CO,157,area_code_415,False,False,0,196.0,74,213.4,96,196.8,81,7.9,6,1,False
PA,88,area_code_510,False,False,0,218.2,76,169.3,60,141.1,99,8.0,1,1,False
PA,61,area_code_415,False,True,31,252.1,98,215.7,149,135.7,117,5.1,4,2,False
AL,121,area_code_408,False,True,35,68.7,95,209.2,69,197.4,42,11.4,4,1,False
NV,111,area_code_415,False,False,0,304.6,56,157.6,101,188.2,116,12.4,1,1,True
AR,130,area_code_415,False,False,0,182.1,136,204.2,99,355.1,135,12.0,7,2,False
WI,89,area_code_415,False,False,0,326.3,112,165.1,110,162.9,97,7.5,1,1,True
AK,126,area_code_415,False,True,31,278.0,88,253.2,65,223.2,114,8.7,4,0,False
SC,36,area_code_415,False,False,0,184.6,132,193.7,69,283.5,83,5.9,3,1,False
VT,99,area_code_408,False,True,19,87.7,103,223.0,86,182.3,112,7.3,4,2,False
SD,126,area_code_415,False,True,23,114.3,102,190.3,103,240.4,111,12.6,7,3,False
OK,82,area_code_408,False,False,0,182.3,106,259.9,102,150.5,98,10.9,6,1,False
WI,137,area_code_510,False,False,0,155.5,81,133.1,94,253.1,77,9.1,2,1,False
AL,41,area_code_510,False,True,34,194.4,63,254.9,110,160.2,115,17.2,9,2,False
MA,132,area_code_408,False,True,36,201.9,93,156.3,75,131.3,92,13.7,5,0,False
NY,91,area_code_510,False,False,0,109.8,100,189.6,104,206.7,85,11.1,3,1,False
SC,78,area_code_415,False,False,0,131.4,98,189.9,95,147.4,83,11.2,2,2,False
WV,32,area_code_408,False,True,26,266.7,109,232.3,107,212.8,98,16.3,4,1,False
NH,131,area_code_415,False,False,0,55.5,79,163.5,104,128.1,59,10.1,4,1,False
LA,109,area_code_415,False,True,27,166.9,85,221.2,92,197.3,97,12.3,4,1,True
AK,78,area_code_408,False,False,0,225.1,67,199.2,127,175.5,102,14.6,2,0,False
FL,190,area_code_415,False,False,0,196.1,95,228.3,88,243.6,95,7.6,3,3,False
LA,91,area_code_415,False,False,0,190.5,128,205.5,103,130.7,63,13.8,5,0,False
VA,113,area_code_408,False,True,30,208.9,87,145.2,89,198.2,77,14.9,5,2,False
UT,188,area_code_408,False,False,0,231.1,92,182.4,93,227.2,89,9.8,5,4,False
NM,53,area_code_415,False,False,0,143.8,102,199.6,124,177.8,65,7.8,4,1,False
DC,82,area_code_510,False,False,0,143.9,61,194.9,105,109.6,94,11.1,2,1,False
KY,53,area_code_510,False,False,0,171.5,75,224.5,111,187.4,84,9.7,6,1,False
WY,69,area_code_415,False,False,0,211.7,94,236.1,124,252.7,90,7.2,2,4,False
OK,146,area_code_510,False,False,0,138.4,104,158.9,122,47.4,73,3.9,9,4,True
WI,93,area_code_415,False,False,0,199.7,109,114.2,68,241.0,109,7.1,2,0,False
KY,98,area_code_415,False,False,0,189.8,113,271.5,111,218.9,96,13.0,5,1,False
MA,132,area_code_415,False,False,0,117.6,66,214.0,108,239.5,94,8.8,5,1,False
NH,90,area_code_408,False,False,0,140.2,97,213.9,102,120.0,126,7.1,2,1,False
NV,113,area_code_415,False,True,23,205.0,101,152.0,60,158.6,59,10.2,5,2,False
MN,142,area_code_510,False,True,40,237.4,105,175.9,93,210.3,110,9.2,3,3,False
AK,59,area_code_408,False,False,0,159.5,96,167.2,123,138.6,106,10.2,4,0,False
MO,112,area_code_415,False,False,0,335.5,77,212.5,109,265.0,132,12.7,8,2,True
MS,96,area_code_510,False,False,0,98.2,100,307.2,88,182.5,120,7.6,1,2,False
NJ,124,area_code_415,False,False,0,108.2,92,214.3,83,185.5,155,13.2,11,4,True
IN,115,area_code_415,False,False,0,226.4,101,276.8,60,213.4,82,12.3,4,3,True
UT,66,area_code_415,False,False,0,192.4,98,187.0,93,132.9,82,11.2,1,0,False
NV,64,area_code_408,False,False,0,148.1,73,164.9,101,216.0,125,12.3,2,5,True
NJ,131,area_code_415,False,False,0,211.8,115,260.5,102,144.2,96,10.8,7,0,False
NM,122,area_code_408,False,True,23,134.2,85,227.3,132,122.4,96,8.5,2,2,False
UT,180,area_code_510,False,False,0,253.9,69,184.2,138,174.3,83,0.4,7,1,False
HI,149,area_code_510,False,False,0,166.6,61,218.8,107,208.3,131,8.2,6,7,False
NC,126,area_code_415,False,False,0,103.7,93,127.0,107,329.3,66,14.4,1,0,False
KY,71,area_code_510,False,True,22,141.4,107,163.0,105,220.0,99,5.6,3,2,False
AL,42,area_code_510,False,False,0,160.2,103,159.8,116,255.7,87,12.9,3,1,False
ID,99,area_code_415,False,False,0,201.5,103,124.2,120,239.9,56,11.5,3,0,False
NH,22,area_code_408,False,True,29,151.2,147,203.2,135,296.1,98,11.1,2,2,False
DE,103,area_code_415,False,True,34,138.8,80,142.0,108,183.8,77,11.8,7,1,False
TN,222,area_code_408,False,True,34,218.5,89,160.7,76,181.6,76,4.9,5,4,False
WV,92,area_code_510,False,True,16,184.0,99,76.4,134,185.1,96,12.7,3,2,False
OH,147,area_code_415,True,True,24,219.9,118,208.5,116,352.5,111,8.1,4,3,False
ID,85,area_code_408,False,True,27,196.4,139,280.9,90,89.3,75,13.8,4,1,False
WI,111,area_code_415,False,True,23,87.7,91,218.3,118,173.1,87,12.3,4,1,False
ME,116,area_code_510,False,False,0,229.3,93,184.5,111,168.2,91,8.8,3,2,False
AZ,138,area_code_415,False,False,0,87.6,112,266.9,107,214.6,104,9.8,10,2,False
CT,33,area_code_510,False,False,0,182.5,65,232.1,96,149.2,82,7.5,2,2,False
AK,115,area_code_415,False,False,0,245.2,105,159.0,109,229.9,74,7.2,8,0,False
MD,79,area_code_510,False,True,31,103.1,90,243.0,135,76.4,92,12.2,8,3,False
WA,80,area_code_510,False,False,0,157.0,101,208.8,127,113.3,109,16.2,2,2,False
VA,170,area_code_510,True,False,0,259.9,68,245.0,122,134.4,121,8.4,3,3,False
WI,107,area_code_408,False,False,0,134.0,104,174.5,94,311.1,79,7.3,3,3,False
CA,81,area_code_408,False,False,0,125.1,103,209.6,103,186.2,78,11.8,1,1,False
WY,215,area_code_510,False,False,0,83.6,148,120.9,91,226.6,110,10.7,9,0,False
SD,106,area_code_408,False,True,27,223.3,97,212.5,131,154.6,149,11.6,2,1,False
WY,127,area_code_510,True,False,0,242.2,102,226.1,80,252.0,96,13.9,5,2,True
NM,122,area_code_408,False,True,33,174.9,103,248.2,105,164.6,116,13.5,3,1,True
WI,67,area_code_510,False,False,0,109.1,134,142.3,76,91.2,86,10.9,5,2,False
AL,106,area_code_415,False,False,0,222.1,123,276.8,92,213.5,99,9.0,3,0,False
RI,85,area_code_408,False,False,0,142.7,82,179.1,106,141.4,88,5.0,8,3,False
NH,163,area_code_415,False,True,39,268.1,104,216.6,65,359.9,118,11.4,4,0,False
WV,124,area_code_510,False,False,0,184.8,74,175.1,84,158.2,95,10.5,6,1,False
NM,84,area_code_408,False,True,41,153.9,102,140.7,117,217.7,101,12.8,5,1,False
UT,167,area_code_415,False,False,0,94.9,114,315.8,105,181.0,71,10.8,6,0,False
OH,82,area_code_415,False,False,0,207.2,114,163.7,97,192.8,79,9.3,4,7,False
CO,121,area_code_408,True,False,0,167.7,94,93.7,121,241.3,115,13.4,1,3,True
FL,103,area_code_415,False,False,0,158.7,90,198.4,117,181.1,76,10.5,4,1,False
OR,72,area_code_510,False,False,0,141.3,133,134.9,96,227.5,97,11.2,3,2,False
CT,63,area_code_408,False,True,25,190.0,137,116.6,76,141.5,110,12.2,2,1,False
WV,142,area_code_415,False,False,0,243.4,76,161.4,102,120.5,105,10.0,5,4,False
TX,149,area_code_510,False,False,0,221.4,95,198.7,63,106.2,70,10.0,3,1,False
VA,67,area_code_415,False,False,0,138.9,65,208.9,109,232.4,82,9.2,3,2,False
KY,124,area_code_415,False,False,0,194.0,103,241.0,116,227.5,153,11.9,5,0,False
LA,155,area_code_415,False,False,0,203.4,100,190.9,104,196.0,119,8.9,4,0,True
KS,94,area_code_408,False,False,0,269.2,104,193.8,144,257.6,61,8.9,2,3,True
OH,143,area_code_415,False,False,0,223.3,99,167.1,128,203.0,84,4.5,4,0,True
NJ,60,area_code_415,True,False,0,97.2,91,243.7,93,235.0,116,10.1,2,1,True
AL,32,area_code_510,False,False,0,230.9,87,187.4,90,154.0,53,6.3,2,0,False
SD,139,area_code_510,False,False,0,196.0,135,186.0,146,153.0,92,9.8,1,3,False
WV,122,area_code_415,True,False,0,168.8,86,237.6,98,204.3,94,5.3,9,1,False
NE,91,area_code_510,False,False,0,159.0,109,255.1,142,82.4,73,10.1,4,0,False
ID,96,area_code_408,False,False,0,170.5,86,277.5,88,162.5,117,12.2,6,1,False
IL,51,area_code_510,False,True,32,206.1,134,179.6,84,332.2,90,10.2,2,3,False
ME,97,area_code_510,False,False,0,120.8,96,169.8,101,194.1,63,11.9,3,4,True
IN,122,area_code_408,False,False,0,296.4,99,214.8,89,133.9,107,11.4,3,4,True
WV,127,area_code_510,False,False,0,224.3,112,185.7,103,159.4,83,10.0,1,2,False
WY,160,area_code_408,False,False,0,82.7,116,194.6,95,159.0,54,10.9,9,0,False
SC,98,area_code_415,False,False,0,147.0,101,202.5,89,250.8,97,9.2,3,1,False
WI,70,area_code_415,False,False,0,7.9,100,136.4,83,156.6,89,12.1,1,0,False
ND,62,area_code_510,False,False,0,196.2,107,103.9,104,203.8,88,13.2,4,1,False
MT,138,area_code_415,False,True,28,151.0,59,269.5,122,179.4,116,8.9,9,0,False
VT,72,area_code_415,False,False,0,139.9,117,223.6,96,240.8,93,12.7,4,2,False
TN,176,area_code_415,False,True,23,283.2,130,162.6,74,177.7,104,7.2,6,1,False
MI,116,area_code_408,False,False,0,149.6,74,167.9,92,174.1,100,16.4,7,0,False
LA,85,area_code_408,False,False,0,209.1,57,110.7,111,113.3,113,12.8,4,1,False
MD,29,area_code_510,False,False,0,195.6,71,126.4,74,148.6,87,14.2,4,1,False
OK,123,area_code_415,False,True,27,198.7,127,249.0,105,173.2,124,12.5,5,1,False
IN,91,area_code_415,False,False,0,289.3,73,179.8,86,186.7,94,6.4,7,1,True
IA,83,area_code_408,True,False,0,197.6,105,177.5,96,126.8,100,9.2,1,3,True
ME,35,area_code_408,False,False,0,149.3,113,242.2,122,174.3,104,8.9,6,2,False
RI,112,area_code_415,False,False,0,168.6,102,298.0,117,194.7,110,9.8,5,1,False
MT,185,area_code_408,False,True,29,151.1,121,244.7,88,154.4,91,13.8,2,2,False
MS,132,area_code_510,False,False,0,126.8,83,243.2,97,223.4,106,7.1,5,3,False
MN,53,area_code_415,False,True,24,145.7,146,220.5,136,249.9,96,13.1,5,3,False
AZ,107,area_code_415,False,True,32,134.2,101,211.9,145,167.6,138,8.2,5,1,False
PA,110,area_code_510,False,False,0,158.6,97,204.4,123,182.5,123,11.3,3,2,False
DC,100,area_code_510,True,False,0,68.5,110,337.1,115,205.2,99,12.1,9,0,False
WA,166,area_code_408,True,True,35,128.2,138,274.5,113,298.9,130,8.8,7,2,False
SD,88,area_code_415,False,False,0,177.8,112,226.5,80,221.8,71,7.9,4,1,False
NH,119,area_code_408,False,False,0,215.1,105,249.4,104,249.9,83,10.8,8,2,False
NY,40,area_code_408,False,False,0,242.5,82,232.9,97,154.0,86,9.6,7,0,False
GA,122,area_code_510,True,False,0,140.0,101,196.4,77,120.1,133,9.7,4,4,True
CA,75,area_code_510,False,True,38,163.6,132,146.7,113,345.8,115,13.1,3,3,False
ID,82,area_code_408,False,False,0,101.0,93,155.6,104,304.4,93,13.3,2,0,False
TN,39,area_code_510,False,False,0,189.6,89,251.6,116,230.9,105,5.4,8,3,False
TX,30,area_code_415,False,False,0,195.2,100,179.8,95,298.3,115,11.5,4,1,False
MD,77,area_code_415,False,False,0,205.3,69,171.0,84,242.4,96,10.1,2,3,False
NH,130,area_code_408,False,False,0,68.4,86,193.3,110,171.5,139,10.4,4,0,False
OH,134,area_code_408,False,False,0,202.7,105,224.9,90,253.9,108,12.1,7,0,False
NJ,138,area_code_408,False,False,0,241.8,93,170.5,83,295.3,104,11.8,7,3,False
ID,43,area_code_415,False,True,36,93.1,68,246.1,83,94.9,109,8.7,8,1,False
FL,84,area_code_510,False,False,0,191.0,88,318.8,119,247.3,79,6.5,4,0,False
MN,17,area_code_415,False,False,0,138.1,115,196.5,55,213.9,100,11.7,4,1,False
AZ,122,area_code_510,False,True,22,204.5,92,139.6,121,205.0,103,8.6,5,2,False
MN,152,area_code_415,False,False,0,317.8,60,152.9,100,123.4,63,10.4,7,1,True
TX,98,area_code_510,False,False,0,86.1,78,222.7,130,155.0,124,9.0,7,0,False
IA,66,area_code_510,False,False,0,256.3,135,180.2,106,187.3,135,6.2,7,2,False
SD,119,area_code_510,False,False,0,94.2,108,264.1,100,203.7,79,7.3,3,1,False
IL,183,area_code_510,False,False,0,108.3,87,183.6,116,176.6,109,13.5,2,0,False
MA,136,area_code_408,True,False,0,199.6,89,211.4,96,72.4,84,11.0,4,3,True
WY,37,area_code_510,False,True,33,225.7,133,223.9,115,192.7,131,11.2,5,3,False
KS,163,area_code_415,False,False,0,191.3,89,193.9,87,268.4,121,12.8,4,1,False
MO,103,area_code_408,False,True,24,111.8,85,239.6,102,268.3,81,6.9,4,1,False
ME,25,area_code_510,False,False,0,242.6,69,209.0,117,219.7,82,14.4,6,2,False
UT,133,area_code_408,False,True,44,174.0,80,209.4,113,224.1,87,14.1,7,2,True
ME,67,area_code_415,False,False,0,208.0,95,234.8,81,266.0,80,11.7,6,3,False
WV,129,area_code_415,False,False,0,159.1,100,202.5,90,233.1,96,11.5,6,2,False
NM,96,area_code_415,False,True,33,183.3,115,201.4,87,177.4,84,10.4,15,3,False
KY,64,area_code_415,True,False,0,146.7,83,148.3,91,238.6,69,12.5,3,3,False
ME,119,area_code_510,False,False,0,73.7,66,160.5,132,214.2,67,13.0,6,3,False
MN,124,area_code_510,False,False,0,157.5,70,130.7,79,193.4,98,9.6,4,3,False
CO,85,area_code_510,False,True,21,283.2,110,239.7,108,149.5,80,6.3,1,5,False
WV,112,area_code_415,True,False,0,161.9,138,200.9,114,134.0,134,10.7,4,1,False
MA,129,area_code_510,True,False,0,192.9,131,185.5,101,205.2,130,10.9,4,1,False
VA,100,area_code_415,False,False,0,174.2,93,235.0,101,264.2,83,9.9,7,1,False
MS,93,area_code_415,True,True,36,169.7,109,318.6,88,246.5,95,9.8,3,0,False
ND,110,area_code_415,False,False,0,135.1,109,205.2,99,166.3,119,11.7,4,1,False
KS,18,area_code_510,False,False,0,180.2,115,83.4,114,245.3,111,11.9,6,1,False
PA,108,area_code_510,False,True,25,170.7,88,109.9,113,165.7,99,8.7,1,3,False
IN,81,area_code_415,False,False,0,176.1,113,162.0,80,160.9,83,11.9,4,1,False
NY,112,area_code_408,False,True,30,60.6,113,165.9,96,132.8,99,13.3,7,0,False
CT,155,area_code_510,False,False,0,165.4,108,183.7,103,80.2,108,8.9,4,3,False
DE,94,area_code_415,False,True,38,220.0,102,180.3,119,136.2,90,10.3,2,1,False
IN,84,area_code_408,False,False,0,163.7,123,175.0,93,194.0,115,8.0,5,1,False
WA,55,area_code_408,False,False,0,285.7,124,230.9,106,230.7,140,14.8,7,0,True
HI,104,area_code_408,False,False,0,170.6,97,162.1,111,210.7,131,6.1,1,1,False
AZ,132,area_code_408,True,True,21,223.4,89,193.2,105,226.2,85,7.7,5,3,False
MN,46,area_code_408,False,False,0,156.4,105,185.5,98,226.7,96,11.8,3,1,False
NC,127,area_code_415,False,True,25,82.2,95,163.3,109,264.9,104,5.1,6,0,False
ID,128,area_code_408,False,False,0,125.2,99,205.4,107,254.4,111,18.9,2,0,False
NY,98,area_code_408,False,False,0,136.9,120,180.6,84,172.9,94,11.9,4,4,True
HI,157,area_code_415,False,False,0,276.2,95,165.8,119,151.6,79,2.2,4,3,False
IN,101,area_code_415,False,True,42,209.2,82,159.7,74,181.6,100,9.5,3,0,False
OK,117,area_code_415,False,True,31,104.9,115,237.6,125,263.4,104,7.7,6,3,False
VT,84,area_code_415,False,True,42,214.3,112,188.2,107,333.5,117,11.3,10,0,False
MN,59,area_code_415,False,False,0,231.4,93,168.0,92,257.2,124,11.4,5,2,False
CO,141,area_code_415,False,False,0,126.9,98,180.0,62,140.8,128,8.0,2,1,False
MO,36,area_code_415,False,False,0,202.4,115,230.7,115,202.0,127,10.2,2,3,False
IL,44,area_code_415,False,True,34,221.8,105,161.7,85,227.7,62,14.0,7,0,False
IN,68,area_code_510,False,False,0,249.9,127,254.5,118,273.2,98,8.9,6,2,True
AL,131,area_code_415,False,True,25,192.7,85,225.9,105,254.2,59,10.9,6,2,False
ME,66,area_code_510,False,False,0,207.7,85,196.7,112,261.7,83,6.8,3,1,False
WV,93,area_code_415,False,False,0,141.7,95,221.0,100,227.1,71,10.2,3,0,False
NY,116,area_code_510,False,False,0,89.5,128,180.8,137,193.1,94,14.0,3,2,False
NC,26,area_code_415,False,False,0,234.5,109,216.5,129,191.6,94,3.5,6,3,False
MN,157,area_code_510,False,False,0,185.1,92,213.0,85,196.1,85,8.5,5,2,False
GA,143,area_code_408,False,True,33,239.2,109,235.5,112,156.3,95,9.5,4,1,False
SD,145,area_code_408,False,True,24,147.5,90,175.7,108,252.1,102,15.6,3,2,False
OR,33,area_code_415,True,False,0,190.6,100,161.7,104,189.9,136,13.0,6,1,False
OK,28,area_code_408,False,False,0,225.7,70,206.9,90,167.9,88,13.8,3,1,False
DE,148,area_code_415,False,False,0,124.4,83,179.7,81,253.0,99,11.3,6,0,False
OK,149,area_code_510,True,False,0,180.9,79,194.9,83,197.8,109,8.8,9,3,False
MS,120,area_code_415,False,False,0,112.6,80,124.4,86,234.9,88,8.1,3,6,True
UT,80,area_code_415,False,True,33,189.4,109,148.7,68,208.9,119,11.2,4,1,True
NE,56,area_code_510,False,False,0,121.6,84,165.3,115,243.9,95,8.9,2,1,False
OR,49,area_code_510,False,False,0,119.4,69,273.3,92,214.4,153,12.4,7,2,False
UT,91,area_code_415,False,True,34,175.3,96,262.3,122,143.9,76,5.6,11,1,False
IL,107,area_code_408,False,False,0,228.2,90,214.2,123,183.1,79,10.5,4,4,False
ND,57,area_code_415,True,False,0,227.4,94,146.4,115,211.4,92,8.3,5,1,False
OR,38,area_code_415,False,False,0,194.4,94,186.7,95,223.3,90,10.8,5,3,False
KS,186,area_code_510,False,False,0,137.8,97,187.7,118,146.4,85,8.7,6,1,False
SD,57,area_code_510,False,False,0,176.9,75,204.2,86,254.1,90,6.1,4,1,False
SC,108,area_code_510,False,False,0,187.4,101,199.9,126,216.1,107,12.6,8,1,False
NM,68,area_code_408,False,False,0,131.6,89,137.0,109,256.3,107,10.2,5,3,False
MS,189,area_code_415,False,False,0,227.8,124,169.5,112,201.1,91,5.6,4,3,False
AZ,67,area_code_415,False,False,0,210.7,116,219.2,86,179.7,83,7.2,6,1,False
DE,89,area_code_510,True,False,0,125.6,108,213.0,90,181.7,108,5.4,5,1,False
CO,89,area_code_415,False,False,0,179.7,128,299.8,92,185.3,120,7.6,3,1,False
NE,139,area_code_415,False,False,0,211.1,103,206.9,108,193.9,70,5.6,4,0,False
MN,109,area_code_408,False,False,0,162.6,138,154.0,109,209.7,118,11.5,4,0,False
NV,90,area_code_415,False,False,0,203.4,146,226.7,117,152.4,105,7.3,4,1,False
TX,128,area_code_415,False,True,43,177.8,100,147.3,89,194.2,92,11.9,1,0,False
HI,35,area_code_415,False,False,0,124.2,102,123.9,115,135.7,100,13.1,8,2,False
MS,66,area_code_408,False,True,32,187.8,117,129.8,90,132.3,113,12.0,3,2,False
SD,116,area_code_408,False,False,0,167.8,119,142.0,123,190.7,128,7.3,4,2,False
KY,74,area_code_415,False,True,35,154.1,104,123.4,84,202.1,57,10.9,9,2,False
SD,185,area_code_408,False,True,18,103.9,112,230.0,111,155.7,119,8.5,5,0,False
OH,52,area_code_408,False,True,31,142.1,77,193.0,97,253.4,88,11.0,4,1,False
TX,80,area_code_510,False,True,22,196.4,115,150.3,109,176.2,75,9.3,1,0,False
KS,124,area_code_510,False,False,0,247.2,84,161.9,130,170.3,73,6.1,6,1,False
OR,170,area_code_408,False,True,22,173.6,66,142.2,83,156.5,93,5.2,3,1,False
KY,110,area_code_408,False,False,0,244.7,84,106.4,95,194.9,61,10.5,1,2,True
PA,92,area_code_415,True,False,0,255.8,125,142.7,111,181.2,101,11.7,3,0,False
MS,115,area_code_415,False,False,0,166.5,111,236.2,98,205.6,92,15.6,2,1,False
WA,76,area_code_510,True,False,0,246.8,110,206.3,63,208.4,123,13.2,5,0,True
MN,42,area_code_408,False,True,34,131.5,143,185.3,109,177.3,117,10.9,5,0,False
IL,16,area_code_415,True,False,0,110.0,91,147.3,75,190.5,73,6.4,7,0,False
AL,109,area_code_415,False,False,0,168.0,103,190.8,100,196.9,65,7.1,4,0,False
KS,93,area_code_415,False,False,0,266.0,120,130.1,84,165.8,63,13.1,6,3,False
MI,65,area_code_415,False,False,0,211.3,120,162.6,122,134.7,118,13.2,5,3,False
MD,140,area_code_415,True,True,27,188.9,124,160.9,102,197.7,100,11.5,5,4,False
SC,117,area_code_415,False,True,35,190.7,100,209.7,107,202.5,101,12.4,5,1,False
UT,82,area_code_510,True,False,0,208.8,101,213.7,87,175.1,86,12.4,6,3,False
MS,38,area_code_415,False,True,25,142.4,106,313.7,109,126.6,117,13.4,6,2,False
NV,143,area_code_415,False,False,0,209.1,127,106.1,80,179.6,90,14.0,6,0,False
WV,54,area_code_510,False,True,33,112.0,90,208.0,112,150.3,83,11.3,4,2,False
KS,128,area_code_510,False,False,0,268.1,95,120.5,126,220.8,121,14.4,6,2,False
AL,72,area_code_415,False,False,0,217.8,93,189.7,113,182.6,91,10.4,5,4,False
UT,89,area_code_408,False,False,0,144.2,74,164.7,119,279.2,121,12.1,7,4,True
SD,55,area_code_415,False,False,0,245.5,130,192.7,54,141.7,83,9.1,4,1,False
RI,95,area_code_510,False,True,27,129.5,106,248.9,90,268.0,115,11.9,3,1,False
RI,65,area_code_415,False,True,29,215.5,129,161.9,77,128.3,91,8.8,5,2,False
IA,105,area_code_408,True,True,31,172.5,103,113.6,102,261.6,104,10.8,4,2,False
VA,103,area_code_408,False,False,0,147.8,71,182.6,103,260.8,95,6.9,3,1,False
SD,86,area_code_415,False,False,0,223.9,75,155.7,109,150.2,143,7.3,9,1,False
HI,85,area_code_415,False,False,0,235.8,109,157.2,94,188.2,99,12.0,3,0,False
OH,84,area_code_408,True,False,0,299.4,71,61.9,88,196.9,89,6.6,7,2,False
OH,123,area_code_408,False,True,39,270.4,99,245.1,110,108.9,113,15.4,7,1,False
ME,123,area_code_408,False,False,0,114.4,91,216.6,123,250.6,102,11.0,3,0,False
NM,81,area_code_415,False,False,0,173.2,80,236.2,94,240.2,84,11.8,6,2,False
NJ,114,area_code_408,False,False,0,206.3,113,223.5,97,234.3,119,8.1,6,2,False
IA,82,area_code_408,False,False,0,183.6,111,303.5,88,189.8,115,10.3,6,0,False
MD,130,area_code_415,False,True,45,174.5,120,217.5,95,220.3,67,12.2,2,1,False
ND,60,area_code_510,False,False,0,203.2,99,235.8,131,224.9,112,15.1,6,2,False
WA,62,area_code_415,True,False,0,180.9,121,134.3,107,179.3,74,8.6,2,2,True
ID,130,area_code_415,False,False,0,263.7,113,186.5,103,195.3,99,18.3,6,1,True
ME,42,area_code_510,False,False,0,139.4,109,223.8,121,244.9,105,4.6,3,1,False
NC,45,area_code_408,False,True,38,196.8,92,254.2,108,261.8,85,7.7,2,1,False
DC,93,area_code_408,False,False,0,164.5,95,230.9,87,149.9,91,9.9,3,4,False
LA,57,area_code_415,False,False,0,198.1,89,214.2,105,109.5,106,7.0,3,1,False
WA,137,area_code_408,False,False,0,208.8,120,225.3,100,221.6,130,11.1,5,0,False
TX,71,area_code_415,False,True,39,183.2,103,209.4,111,172.4,109,11.9,6,1,False
AK,52,area_code_510,False,False,0,148.3,83,181.6,79,155.6,104,8.3,6,3,False
NV,125,area_code_510,False,False,0,168.6,99,175.6,107,243.3,92,10.9,7,0,False
VA,102,area_code_510,False,False,0,174.5,79,236.8,136,270.4,110,8.5,5,0,False
TN,33,area_code_415,False,True,35,186.8,124,261.0,69,317.8,103,15.0,5,0,False
CA,86,area_code_415,False,False,0,234.6,102,268.3,109,195.6,102,11.6,4,1,True
DC,87,area_code_415,False,True,18,124.3,104,196.1,80,290.0,110,7.2,3,1,False
WA,106,area_code_415,False,False,0,149.7,114,104.5,72,227.9,87,9.0,2,2,False
SD,105,area_code_415,False,False,0,251.6,88,175.1,103,184.4,112,5.4,5,1,False
TN,47,area_code_415,False,True,30,196.6,93,241.4,140,226.0,118,12.9,4,2,False
ME,130,area_code_408,False,False,0,176.3,140,201.0,104,161.9,123,11.3,5,1,False
GA,77,area_code_415,False,False,0,134.5,119,119.7,104,250.7,112,9.3,5,0,False
MA,102,area_code_510,True,False,0,233.8,103,221.6,131,146.9,106,12.8,3,0,False
NV,148,area_code_510,False,False,0,216.2,95,185.7,105,300.0,143,10.0,5,2,False
MI,110,area_code_415,False,False,0,94.1,127,283.0,97,168.7,69,10.3,6,2,False
DE,97,area_code_415,False,True,32,183.4,94,269.1,120,203.5,38,6.7,4,5,False
IN,52,area_code_415,False,False,0,165.9,122,212.2,107,202.1,94,8.3,3,1,False
OR,21,area_code_510,False,True,31,135.9,90,271.0,84,179.1,89,9.5,7,6,False
OH,119,area_code_415,False,True,35,217.1,92,220.8,134,249.5,93,8.0,5,2,False
OK,71,area_code_415,False,False,0,123.8,130,226.5,91,213.9,96,8.8,7,2,False
CO,84,area_code_415,False,False,0,148.8,89,189.8,93,147.6,73,6.3,2,1,False
CO,137,area_code_415,False,False,0,127.0,107,323.2,75,143.9,127,7.5,2,1,False
KS,100,area_code_415,True,False,0,156.3,82,259.4,91,143.7,93,8.3,7,5,False
IN,100,area_code_415,False,True,32,125.2,123,230.9,101,192.0,106,12.6,9,3,False
IL,91,area_code_415,False,False,0,189.3,100,239.3,107,89.7,89,9.9,3,3,False
AL,26,area_code_408,False,False,0,290.1,143,245.7,97,147.0,80,7.4,4,2,True
OH,83,area_code_415,False,True,25,191.3,95,250.7,136,249.4,86,17.6,5,2,False
NY,77,area_code_510,False,False,0,124.1,92,214.9,131,241.3,132,13.7,3,0,False
MN,61,area_code_415,False,False,0,197.3,67,264.5,106,210.5,116,9.0,6,1,False
NJ,106,area_code_415,False,False,0,191.4,124,200.7,116,230.1,76,8.2,3,1,False
WI,123,area_code_415,False,False,0,172.2,92,162.6,76,250.3,101,8.7,4,1,False
NM,113,area_code_510,False,False,0,150.1,120,200.1,85,266.7,105,11.0,3,2,False
OR,101,area_code_415,True,False,0,169.5,117,212.0,111,204.0,120,9.7,1,0,True
WV,145,area_code_408,False,True,31,216.0,94,225.1,123,234.7,109,10.7,1,2,False
RI,129,area_code_510,False,True,10,161.4,91,183.1,102,240.3,65,12.9,3,1,False
WY,87,area_code_415,False,True,16,257.4,91,232.0,101,143.2,73,14.7,2,1,False
TN,114,area_code_415,False,False,0,108.3,95,168.3,104,153.1,109,9.1,2,1,False
MN,132,area_code_510,False,True,33,157.9,84,163.9,109,215.4,87,11.5,3,3,False
TN,68,area_code_415,False,False,0,222.8,99,175.8,85,202.0,111,11.0,3,3,False
WA,152,area_code_510,False,False,0,161.4,84,163.6,88,153.2,121,11.8,5,1,False
WI,92,area_code_415,True,False,0,264.3,91,160.9,115,198.6,73,9.3,5,0,False
TN,78,area_code_415,False,False,0,149.7,119,182.2,115,261.5,126,9.7,8,0,False
MT,33,area_code_510,False,True,35,161.9,85,151.2,82,191.0,131,8.5,2,1,False
VA,44,area_code_408,False,False,0,204.6,117,205.2,94,164.6,84,10.7,5,0,False
NE,67,area_code_510,False,True,31,175.2,68,199.2,73,219.8,99,13.2,6,1,False
OK,139,area_code_510,False,False,0,148.7,90,204.3,106,144.1,105,9.8,4,2,False
RI,155,area_code_408,True,False,0,163.1,94,291.7,108,96.4,111,11.2,3,0,False
RI,112,area_code_510,False,False,0,194.4,101,190.3,82,183.4,107,11.4,2,0,False
IL,76,area_code_510,False,False,0,186.1,96,211.6,100,230.6,100,8.0,4,0,False
NM,116,area_code_510,False,False,0,179.0,81,200.0,116,168.6,74,15.8,7,1,False
MT,102,area_code_408,False,False,0,273.2,85,211.1,82,203.7,129,13.1,7,2,True
MN,117,area_code_408,False,False,0,161.6,104,196.3,119,294.8,111,13.8,2,1,False
FL,115,area_code_510,False,False,0,143.6,135,278.0,119,46.7,84,12.7,3,0,False
NY,64,area_code_408,False,False,0,219.6,126,303.3,100,154.5,65,9.7,5,1,False
AR,163,area_code_408,False,False,0,197.0,109,202.6,128,206.4,80,9.1,10,1,False
WI,140,area_code_415,False,False,0,129.6,79,246.2,99,172.1,124,9.4,10,3,False
AZ,94,area_code_408,False,True,38,170.1,124,193.3,116,105.9,73,12.8,4,1,False
MI,22,area_code_408,False,False,0,180.0,65,207.0,106,182.8,111,8.3,6,1,False
WA,174,area_code_408,False,True,33,167.8,91,205.3,91,130.0,132,14.5,4,4,True
RI,143,area_code_408,False,False,0,167.8,72,211.0,99,153.5,109,10.5,6,4,True
CO,69,area_code_408,False,True,38,272.9,122,188.4,97,132.4,87,10.5,3,2,False
ND,94,area_code_510,False,False,0,154.8,113,261.8,121,213.0,81,11.6,5,0,False
WA,48,area_code_510,False,False,0,149.2,146,161.9,109,197.9,109,8.3,2,3,False
LA,172,area_code_415,False,False,0,215.7,140,146.3,84,264.6,83,7.1,1,3,False
NE,93,area_code_408,False,False,0,152.4,74,274.6,88,252.2,120,6.6,5,3,False
UT,170,area_code_415,False,False,0,285.7,44,167.5,144,260.0,97,8.7,4,1,True
WA,40,area_code_415,False,True,41,148.1,74,169.5,88,214.1,102,6.2,5,2,False
VT,159,area_code_415,False,False,0,275.8,103,189.5,108,223.9,93,7.4,5,2,True
WV,102,area_code_408,False,False,0,234.8,125,199.2,99,163.2,88,10.0,1,4,False
MA,160,area_code_408,False,False,0,166.8,109,236.0,117,307.6,77,9.3,1,1,False
VT,85,area_code_415,False,False,0,176.4,122,224.9,123,219.6,50,11.5,1,1,False
NY,160,area_code_408,False,False,0,216.8,77,207.3,117,228.6,117,5.6,2,1,False
VT,113,area_code_510,False,False,0,207.2,113,256.0,80,211.0,87,9.9,1,1,False
CA,87,area_code_415,False,True,19,165.8,122,186.9,89,249.7,78,0.0,0,1,False
VA,176,area_code_415,False,False,0,216.7,91,233.9,104,231.1,110,9.0,4,1,False
GA,160,area_code_415,False,True,29,164.6,121,262.8,108,123.8,131,15.2,4,1,False
AZ,106,area_code_408,False,False,0,273.8,120,149.3,104,193.9,127,11.2,3,0,False
HI,57,area_code_415,False,False,0,214.0,100,209.9,80,105.1,112,11.3,1,0,False
SC,111,area_code_415,False,True,21,127.1,94,228.3,116,166.7,108,7.1,3,1,False
WV,112,area_code_415,False,False,0,261.4,108,154.5,102,130.9,90,11.6,2,1,False
ID,96,area_code_415,False,False,0,178.0,140,294.6,125,242.2,91,12.0,6,2,False
PA,61,area_code_408,False,True,31,288.7,101,203.8,102,203.2,49,8.6,3,0,False
CO,81,area_code_408,False,False,0,115.3,99,224.7,117,152.5,98,18.0,2,1,False
CO,120,area_code_510,False,True,27,153.5,84,194.0,73,256.5,94,10.2,7,5,False
MO,61,area_code_408,False,False,0,45.0,108,151.3,74,152.9,94,9.8,6,2,False
ID,103,area_code_415,False,False,0,70.9,134,134.5,112,168.8,164,12.0,6,2,False
MN,122,area_code_415,False,False,0,126.0,89,147.0,95,280.2,97,5.6,4,0,False
ME,108,area_code_510,False,True,48,185.6,125,224.6,125,284.7,87,6.9,3,1,False
NY,104,area_code_415,False,False,0,156.2,93,193.0,54,222.7,94,13.1,5,1,False
NJ,95,area_code_415,False,True,22,40.9,126,133.4,90,264.2,91,11.9,7,0,False
OK,152,area_code_415,False,False,0,284.6,113,141.8,101,127.4,78,12.6,5,0,False
NH,119,area_code_415,False,True,19,178.1,110,212.8,100,226.3,123,10.0,6,1,False
MD,76,area_code_415,False,False,0,179.1,110,157.2,81,240.0,109,6.5,3,0,False
WV,72,area_code_510,False,True,33,96.6,59,315.4,98,163.3,117,6.2,4,4,True
WY,95,area_code_415,False,True,39,260.8,130,213.4,111,195.6,97,10.1,5,1,False
MO,147,area_code_415,True,False,0,157.0,79,103.1,94,211.8,96,7.1,6,0,False
HI,101,area_code_415,False,False,0,253.2,89,237.9,114,154.3,85,9.7,7,4,False
AR,138,area_code_510,False,False,0,146.5,101,284.5,142,176.0,98,14.0,6,3,False
UT,161,area_code_510,True,False,0,194.2,106,249.4,105,254.9,129,12.9,1,1,True
PA,53,area_code_415,False,False,0,205.1,86,160.5,95,149.5,142,10.7,2,3,False
MI,50,area_code_415,False,True,35,192.6,97,135.2,101,216.2,101,7.9,2,2,False
OH,86,area_code_415,False,True,29,225.4,79,187.1,112,281.1,112,12.9,3,1,False
MS,121,area_code_408,False,True,12,127.2,56,241.6,114,176.6,84,13.2,3,3,False
TN,94,area_code_408,True,False,0,170.1,113,271.8,94,110.7,78,8.7,4,1,False
OR,135,area_code_408,True,False,0,174.8,112,218.0,125,180.1,102,12.7,6,3,False
MD,58,area_code_408,False,False,0,187.6,113,217.4,115,139.7,92,9.8,5,3,False
DE,95,area_code_415,False,False,0,145.4,98,334.1,109,209.8,72,8.8,2,1,False
IL,142,area_code_415,False,True,38,163.3,104,136.0,114,249.1,127,4.3,6,0,False
KS,112,area_code_415,False,False,0,109.0,126,212.7,106,208.3,92,7.9,3,1,False
MT,72,area_code_415,False,False,0,253.0,73,219.3,78,210.8,89,9.8,4,0,False
TX,73,area_code_408,False,False,0,286.4,109,178.2,67,214.2,152,10.7,14,1,True
CT,94,area_code_415,False,False,0,206.1,49,224.6,115,256.7,74,13.0,1,1,False
FL,116,area_code_408,False,False,0,146.4,123,176.6,113,212.6,102,7.8,5,1,False
UT,100,area_code_408,False,False,0,179.1,123,196.6,132,186.7,116,10.2,10,1,False
PA,142,area_code_510,False,True,40,230.7,101,256.8,88,263.9,92,6.4,3,1,False
SC,99,area_code_415,False,True,33,179.1,93,238.3,102,165.7,96,10.6,1,2,False
MI,57,area_code_415,False,False,0,140.0,100,174.7,102,258.5,111,13.3,4,1,False
AL,69,area_code_408,False,True,27,188.4,104,320.6,128,161.7,120,9.7,7,1,False
ND,38,area_code_415,True,False,0,211.6,87,106.9,68,239.2,99,14.1,11,0,True
SD,27,area_code_510,False,False,0,226.3,95,274.3,109,242.7,119,8.2,3,2,True
AL,77,area_code_415,False,False,0,163.0,112,219.1,89,233.4,66,6.7,3,2,False
SD,97,area_code_415,False,False,0,168.6,87,259.2,105,279.8,123,7.3,4,1,False
MA,67,area_code_415,False,True,34,161.7,114,207.6,115,205.7,114,9.2,4,0,False
MD,54,area_code_415,False,False,0,273.8,113,119.6,156,267.6,117,11.7,3,1,False
MD,102,area_code_415,False,False,0,271.1,80,172.0,133,169.2,105,10.3,5,1,False
CA,79,area_code_510,False,False,0,157.6,85,194.1,92,231.5,86,9.4,10,5,True
AL,47,area_code_408,False,True,28,141.3,94,168.0,108,113.5,84,7.8,2,1,False
IN,108,area_code_415,False,False,0,201.1,101,170.7,86,237.4,113,11.6,3,3,False
MA,112,area_code_415,False,True,17,183.2,95,252.8,125,156.7,95,9.7,3,0,False
NE,86,area_code_408,False,False,0,83.8,121,240.2,96,158.6,108,6.7,8,1,False
NJ,197,area_code_510,False,False,0,154.8,111,171.5,102,227.3,86,10.6,2,3,False
NV,77,area_code_415,False,False,0,215.5,81,170.9,100,170.3,59,10.3,3,1,False
AR,109,area_code_415,False,True,29,111.2,90,263.5,98,224.7,128,9.0,6,6,True
NJ,35,area_code_408,False,False,0,158.6,67,130.4,96,229.8,80,6.9,5,2,False
WV,107,area_code_415,False,False,0,123.1,100,158.4,82,256.1,82,9.3,5,0,False
NE,90,area_code_415,False,False,0,145.5,92,217.7,114,146.9,123,10.9,2,3,False
NH,152,area_code_510,False,False,0,228.1,93,136.4,106,197.3,107,9.0,2,1,False
OR,80,area_code_415,False,False,0,113.2,86,185.5,97,237.3,145,9.5,5,1,False
MT,84,area_code_415,False,True,25,113.9,90,257.0,99,214.5,98,12.9,8,4,True
LA,108,area_code_415,False,False,0,157.3,83,162.8,75,112.0,101,9.7,4,1,False
KS,137,area_code_415,False,False,0,230.2,113,220.4,79,204.7,111,10.7,7,4,False
WY,16,area_code_415,False,False,0,174.7,83,280.8,122,171.7,80,10.5,8,5,False
SC,99,area_code_510,True,True,39,126.8,94,293.6,115,174.1,91,8.4,4,0,False
MD,119,area_code_408,False,False,0,239.1,88,243.5,79,230.9,92,10.9,3,3,True
RI,94,area_code_415,False,False,0,142.3,50,231.5,142,205.6,79,5.5,3,1,False
VA,131,area_code_415,False,False,0,143.1,114,138.1,119,199.4,100,8.9,3,3,False
OR,129,area_code_408,False,False,0,98.0,99,240.7,62,254.8,123,10.5,4,0,False
WY,64,area_code_415,False,False,0,206.2,76,232.4,76,251.6,96,13.6,2,1,False
VT,100,area_code_408,True,False,0,219.4,112,225.7,102,255.3,95,12.0,4,4,False
WA,90,area_code_415,True,False,0,148.2,96,220.4,111,134.2,97,9.2,1,4,True
RI,176,area_code_415,False,False,0,250.9,108,171.4,100,148.6,85,9.6,6,2,False
VA,72,area_code_510,False,False,0,212.7,92,306.4,100,140.3,90,12.9,6,0,False
MT,54,area_code_408,False,False,0,134.3,73,155.5,100,102.1,68,14.7,4,3,False
AZ,72,area_code_510,False,False,0,272.4,88,107.9,125,185.5,81,12.7,2,0,False
OR,45,area_code_415,False,True,32,235.0,85,240.5,101,147.1,88,7.7,3,2,False
DC,170,area_code_510,False,False,0,184.1,106,204.9,70,224.3,133,9.8,3,2,False
ND,167,area_code_408,True,False,0,219.1,100,242.9,90,168.9,101,10.1,4,2,False
UT,96,area_code_415,False,False,0,125.8,102,244.4,111,167.7,90,9.0,2,2,False
NY,122,area_code_415,False,True,37,163.0,107,312.8,118,200.0,85,11.6,5,1,False
OK,78,area_code_510,False,False,0,140.0,84,216.8,73,224.5,102,9.0,6,2,False
AZ,102,area_code_408,False,False,0,158.0,94,207.9,100,190.4,120,10.1,10,0,False
WY,99,area_code_408,False,True,28,200.7,88,264.2,116,172.7,102,9.1,5,1,False
AL,64,area_code_510,False,False,0,297.8,88,196.0,89,213.7,107,12.0,2,1,True
WV,133,area_code_510,False,False,0,176.8,92,187.5,97,196.8,88,6.5,3,2,False
ND,101,area_code_415,False,False,0,217.7,118,231.7,128,185.3,128,0.0,0,3,False
MS,105,area_code_415,False,False,0,101.4,48,159.1,119,259.2,53,12.2,2,1,False
MA,51,area_code_415,False,False,0,183.1,99,160.1,107,311.8,121,7.0,3,1,False
NY,120,area_code_510,False,True,27,128.5,115,163.7,91,242.9,121,0.0,0,1,False
NY,181,area_code_408,False,False,0,143.3,91,195.5,58,223.3,95,6.0,7,1,False
IL,156,area_code_415,False,False,0,174.5,65,197.4,116,238.5,86,10.6,2,0,False
MN,150,area_code_415,False,True,28,174.4,75,169.9,80,201.6,130,11.0,4,1,False
ME,92,area_code_415,True,False,0,130.7,113,260.6,122,244.2,98,9.4,2,2,True
ND,88,area_code_415,False,False,0,161.5,92,173.5,108,206.2,95,7.9,4,2,False
CT,77,area_code_415,False,False,0,245.2,87,254.1,83,239.4,91,7.5,4,0,True
ME,193,area_code_415,False,True,31,71.2,58,124.7,105,155.5,108,11.7,3,0,False
MO,60,area_code_408,False,False,0,162.8,117,163.2,121,242.4,140,14.2,2,1,False
WY,34,area_code_408,False,False,0,128.8,80,208.7,93,202.1,103,14.0,7,1,False
VA,92,area_code_510,True,False,0,252.3,120,207.0,112,284.6,95,12.0,5,3,True
UT,117,area_code_408,True,True,15,178.8,81,286.1,85,229.4,128,7.1,5,1,False
MT,131,area_code_415,False,True,24,135.9,60,233.2,78,210.6,121,9.4,4,1,False
NY,137,area_code_415,True,False,0,174.0,123,161.3,115,260.7,98,11.4,3,2,False
VT,93,area_code_415,False,True,37,230.4,95,155.5,89,179.0,90,10.4,9,3,False
ME,89,area_code_415,False,False,0,242.5,71,213.3,109,231.0,84,6.3,3,3,False
MT,80,area_code_510,True,True,30,184.2,132,167.5,109,212.8,114,10.0,10,0,False
ME,58,area_code_415,False,True,29,239.6,84,182.1,80,118.3,100,11.0,3,2,False
PA,135,area_code_415,False,True,46,172.6,77,203.4,102,264.2,108,10.4,2,1,False
WV,121,area_code_510,False,False,0,177.2,142,123.5,88,213.2,51,8.4,6,1,False
WY,148,area_code_408,False,False,0,243.0,115,191.8,91,117.8,93,13.4,5,2,False
SD,137,area_code_415,False,False,0,144.5,119,167.3,89,175.1,76,6.1,4,5,True
NM,118,area_code_510,False,False,0,205.2,115,184.8,137,176.1,115,7.0,6,0,False
CT,97,area_code_415,False,False,0,215.3,58,242.4,91,279.8,105,12.1,9,0,False
KY,77,area_code_415,False,True,32,192.2,101,165.4,84,230.2,129,8.0,6,1,False
MS,77,area_code_408,False,False,0,230.0,87,103.2,138,309.6,136,11.3,3,2,False
ND,127,area_code_415,False,True,23,182.0,80,216.1,85,156.9,82,9.8,4,1,False
MD,135,area_code_408,True,True,41,173.1,85,203.9,107,122.2,78,14.6,15,0,True
MA,69,area_code_510,False,False,0,195.1,91,261.5,57,203.8,90,11.4,5,0,False
OH,65,area_code_415,False,False,0,245.7,139,241.9,113,285.3,117,4.2,5,4,True
OR,177,area_code_408,False,False,0,84.9,77,257.5,109,210.5,66,7.5,5,2,False
LA,112,area_code_510,False,False,0,174.5,127,259.3,71,170.5,120,11.3,7,1,False
NY,76,area_code_415,False,False,0,201.5,127,155.2,91,249.6,103,8.6,1,2,False
SD,87,area_code_415,False,True,33,125.0,99,235.3,81,215.3,95,10.2,7,2,False
VA,123,area_code_408,False,False,0,154.3,107,183.0,111,54.0,134,10.9,8,0,False
NH,56,area_code_415,False,True,24,121.7,87,184.0,76,266.6,98,12.7,3,1,False
CA,65,area_code_408,False,False,0,182.5,58,201.9,93,189.1,97,8.6,5,1,False
SD,98,area_code_415,False,False,0,0.0,0,159.6,130,167.1,88,6.8,1,4,True
PA,101,area_code_415,False,False,0,206.6,105,224.9,117,249.9,100,14.6,3,0,False
WI,87,area_code_510,False,True,24,135.8,108,251.4,62,181.5,91,6.4,4,0,False
VT,152,area_code_415,False,False,0,197.1,126,130.1,76,78.1,100,7.4,4,3,False
WA,54,area_code_415,False,True,28,217.4,98,246.2,120,127.0,92,7.5,8,1,False
SD,95,area_code_408,False,True,20,165.7,78,215.6,94,243.3,91,9.8,6,0,False
MN,186,area_code_415,False,True,26,74.3,107,177.3,116,296.3,90,14.5,3,2,False
MD,67,area_code_415,False,False,0,171.7,80,110.4,81,195.4,111,11.9,4,2,False
SC,209,area_code_510,False,False,0,255.1,124,230.6,110,218.0,69,8.5,5,3,True
MI,102,area_code_510,False,False,0,242.2,88,233.2,89,188.5,121,6.2,6,3,False
ID,92,area_code_415,False,True,23,167.4,83,258.6,129,116.4,110,11.2,3,4,False
OH,95,area_code_510,False,True,24,129.4,120,159.8,68,214.4,83,12.6,4,4,True
FL,158,area_code_415,False,False,0,123.3,115,130.4,91,243.7,119,11.2,3,3,False
SD,87,area_code_510,False,False,0,184.5,81,172.0,103,183.4,96,13.7,3,3,False
IA,21,area_code_408,False,False,0,138.1,79,186.9,75,194.2,105,12.1,1,0,False
ME,120,area_code_510,False,False,0,163.6,109,237.3,95,186.2,141,12.3,5,0,False
NH,138,area_code_415,False,False,0,157.5,96,271.7,107,138.2,84,10.7,6,2,False
FL,87,area_code_415,False,False,0,176.6,83,221.6,101,185.3,89,9.4,1,0,False
ME,148,area_code_408,False,True,33,241.7,84,165.8,84,160.6,80,11.3,3,1,False
ID,106,area_code_510,False,False,0,160.8,73,170.4,112,249.2,131,7.2,3,1,False
TX,92,area_code_408,False,False,0,91.7,90,193.7,123,175.0,86,9.2,4,2,False
ID,77,area_code_510,False,True,29,211.1,89,223.5,97,148.4,106,9.7,9,2,False
NJ,83,area_code_415,False,False,0,167.0,120,209.1,102,131.0,107,8.6,2,1,False
VA,164,area_code_415,False,False,0,123.3,78,170.0,85,165.9,78,12.7,2,1,False
PA,129,area_code_510,False,True,32,211.0,99,155.1,89,234.8,96,11.4,5,1,False
NE,115,area_code_415,True,False,0,147.7,105,184.1,68,153.5,102,12.7,5,0,False
WV,73,area_code_415,False,False,0,240.3,130,162.5,83,231.9,136,11.9,3,0,False
ME,82,area_code_510,False,True,29,207.2,111,254.1,137,169.3,92,9.5,5,2,False
IL,134,area_code_408,False,False,0,183.8,111,123.5,92,160.7,105,6.1,2,1,False
TX,26,area_code_415,True,False,0,194.4,105,238.3,100,239.1,129,9.6,5,0,False
KS,127,area_code_415,False,False,0,221.0,100,160.7,113,233.1,96,6.8,4,2,False
WI,131,area_code_415,False,True,39,69.1,122,101.3,136,104.8,94,9.1,4,0,False
TX,82,area_code_408,False,False,0,200.3,96,201.2,102,206.1,60,7.1,1,4,False
ND,56,area_code_510,False,False,0,164.3,92,233.7,107,187.3,104,11.8,1,2,False
NV,138,area_code_408,False,False,0,180.5,82,242.4,103,244.4,89,10.3,7,2,False
DE,50,area_code_510,False,True,39,147.3,75,244.8,74,216.9,101,13.2,3,2,False
WV,70,area_code_415,False,False,0,214.8,87,131.0,114,216.9,104,9.4,3,3,False
TN,78,area_code_415,True,False,0,71.5,126,166.8,127,211.6,86,8.3,2,3,True
OR,66,area_code_408,False,False,0,87.6,76,262.0,111,184.6,125,9.2,5,1,False
KS,36,area_code_510,False,False,0,178.6,83,213.1,103,198.0,119,10.9,5,1,False
TX,82,area_code_415,False,False,0,130.0,110,185.3,88,178.7,105,8.3,4,0,False
NM,132,area_code_408,False,False,0,214.6,78,251.7,98,240.8,88,13.9,2,0,False
AZ,98,area_code_408,False,True,40,212.1,90,233.9,110,234.0,84,7.1,4,0,False
PA,83,area_code_415,False,False,0,228.4,113,163.3,103,248.0,114,7.8,6,1,False
AZ,108,area_code_415,False,False,0,193.3,126,154.7,85,174.8,98,9.4,6,3,False
OH,110,area_code_415,False,True,37,227.9,80,101.9,141,188.1,110,5.1,6,0,False
CA,73,area_code_415,False,False,0,137.6,113,179.7,75,172.8,71,10.7,2,1,True
CO,101,area_code_415,False,True,39,147.2,105,168.8,96,165.3,118,13.0,4,1,False
DE,122,area_code_415,False,True,30,237.7,94,154.7,91,223.1,98,9.5,3,1,False
CA,19,area_code_408,False,False,0,146.8,99,190.5,101,146.1,68,9.3,2,0,False
OK,78,area_code_415,False,False,0,290.5,119,158.4,75,255.6,101,8.6,6,2,True
DE,142,area_code_408,False,False,0,187.0,133,134.6,74,242.2,127,7.4,5,2,False
MN,96,area_code_415,False,True,27,261.3,96,220.9,101,179.4,97,11.3,2,1,False
NJ,119,area_code_408,False,False,0,287.1,83,218.4,124,151.5,42,11.0,4,1,True
GA,56,area_code_415,False,True,30,127.1,89,172.1,116,194.6,111,12.1,3,1,False
CT,74,area_code_408,False,False,0,157.1,95,213.1,36,280.4,77,7.6,3,2,False
MI,98,area_code_415,False,True,23,168.9,98,226.3,117,165.5,96,14.3,3,0,False
TX,97,area_code_510,False,False,0,144.2,91,226.7,137,144.6,72,13.8,4,3,False
KY,98,area_code_415,False,True,36,168.0,81,163.2,125,172.7,120,8.0,2,6,True
ME,66,area_code_510,False,False,0,118.0,133,248.1,99,214.4,122,5.3,5,1,False
TN,93,area_code_408,False,False,0,172.3,135,318.7,95,131.5,104,11.5,4,3,False
KS,124,area_code_510,False,True,37,161.2,109,204.2,79,231.5,87,8.9,4,1,False
UT,110,area_code_408,False,False,0,192.6,102,178.9,118,214.6,74,9.4,4,1,False
CT,72,area_code_408,False,True,21,186.7,108,335.0,86,187.2,119,16.5,4,1,False
MO,83,area_code_510,False,False,0,133.9,82,169.6,105,222.8,114,11.7,4,0,False
WV,173,area_code_415,False,False,0,191.4,114,168.5,138,109.3,99,10.3,3,1,False
DC,165,area_code_510,False,False,0,195.2,84,229.5,116,185.3,147,11.9,3,0,False
NM,68,area_code_415,False,False,0,248.6,59,199.1,126,112.5,117,6.5,3,2,False
MO,87,area_code_415,True,False,0,128.9,71,281.9,91,209.1,100,9.9,4,0,False
SD,106,area_code_415,False,False,0,94.8,113,283.2,95,219.3,106,6.8,4,1,False
KY,89,area_code_408,False,False,0,192.1,83,163.6,88,169.7,138,6.1,3,0,False
FL,98,area_code_408,False,False,0,92.3,128,250.1,89,211.9,110,10.8,16,3,False
WV,86,area_code_415,False,True,38,123.0,158,133.9,119,138.2,103,13.3,4,1,False
VA,103,area_code_415,False,False,0,228.4,103,97.3,129,199.9,67,9.4,7,3,False
MS,102,area_code_510,True,False,0,224.2,81,243.3,90,147.8,66,12.0,8,3,False
DE,53,area_code_415,False,True,32,131.2,63,227.4,125,178.9,105,12.8,2,2,False
FL,98,area_code_408,False,False,0,288.1,101,137.9,93,206.5,88,0.0,0,0,False
MN,115,area_code_408,False,False,0,173.5,121,168.3,100,138.3,105,7.8,5,1,False
ND,68,area_code_408,False,False,0,219.6,97,141.1,144,205.7,101,10.8,4,2,False
NY,32,area_code_415,False,False,0,164.8,98,229.9,96,167.3,108,14.8,2,2,False
OH,92,area_code_415,False,False,0,145.9,90,148.1,105,241.3,93,8.4,1,2,False
OR,76,area_code_415,False,False,0,169.5,77,124.0,87,219.4,92,10.0,3,0,False
AL,80,area_code_415,False,False,0,135.1,92,185.0,103,147.1,74,14.7,5,3,False
AR,127,area_code_415,True,False,0,143.2,60,179.5,159,171.8,122,6.2,4,4,True
NH,183,area_code_408,False,True,38,178.4,103,184.4,79,203.3,94,7.2,3,3,False
UT,39,area_code_415,False,True,17,230.7,122,207.1,85,208.9,73,9.2,1,3,False
IL,87,area_code_510,False,False,0,231.3,105,171.7,108,67.7,136,13.0,6,1,False
SC,78,area_code_415,False,True,21,160.6,85,223.1,79,124.0,92,9.5,1,2,False
WY,116,area_code_510,False,True,12,221.0,108,151.0,118,179.0,80,9.0,6,2,False
PA,88,area_code_415,False,False,0,158.2,130,234.6,91,291.0,117,12.9,3,2,False
OR,65,area_code_415,False,False,0,116.8,87,178.9,93,182.4,150,14.1,2,1,False
NH,111,area_code_510,False,False,0,197.1,117,227.8,128,214.0,101,9.3,11,0,False
HI,24,area_code_415,False,False,0,235.6,132,115.9,129,185.4,136,16.2,2,0,False
VA,60,area_code_415,False,False,0,229.5,91,157.7,67,162.4,76,13.2,3,2,False
WA,96,area_code_415,False,False,0,276.9,105,246.9,94,254.4,107,10.3,3,1,True
SD,93,area_code_510,False,False,0,215.5,108,230.9,70,144.1,134,13.2,4,0,False
NJ,182,area_code_415,False,False,0,279.1,124,180.5,108,217.5,104,9.5,11,2,True
GA,122,area_code_408,False,False,0,158.2,95,178.5,113,154.3,76,8.5,5,2,False
NH,59,area_code_415,False,False,0,163.5,107,187.1,91,179.1,100,10.3,1,2,False
MO,131,area_code_415,False,False,0,201.1,141,216.5,93,217.4,132,11.5,4,1,False
WI,129,area_code_415,False,True,37,205.0,94,165.4,103,185.0,81,11.7,8,1,False
KY,150,area_code_415,False,True,24,195.7,108,208.8,110,177.0,84,11.7,2,2,False
DC,148,area_code_415,False,False,0,202.0,102,243.2,128,261.3,90,10.9,3,1,False
NJ,87,area_code_510,False,False,0,223.2,109,127.5,86,289.3,83,14.5,4,3,False
MO,106,area_code_415,False,False,0,114.4,104,78.3,101,232.7,78,0.0,0,2,False
AR,95,area_code_415,False,True,27,190.8,76,177.5,104,227.3,95,5.9,1,2,False
NV,110,area_code_408,False,True,34,192.3,114,129.3,114,136.3,102,6.3,12,1,False
GA,101,area_code_415,False,True,33,200.1,108,188.9,122,205.1,90,15.5,4,0,False
KS,119,area_code_415,False,False,0,231.5,82,266.9,97,211.0,118,7.4,10,1,False
KS,92,area_code_408,True,False,0,62.6,111,180.6,126,221.7,80,10.4,2,1,True
DE,183,area_code_415,False,True,8,86.5,119,285.2,97,180.4,133,8.7,2,2,False
TX,86,area_code_408,False,False,0,181.1,124,229.5,105,122.2,91,5.6,6,5,False
UT,81,area_code_415,False,True,24,130.1,117,196.0,61,139.3,123,11.4,5,0,False
DE,92,area_code_415,False,False,0,197.0,84,269.3,105,158.9,105,10.8,4,1,False
OR,100,area_code_415,False,True,31,67.7,67,147.1,116,288.3,103,12.3,2,6,True
AZ,95,area_code_408,False,False,0,238.1,65,187.2,98,190.0,115,11.8,4,4,False
AR,68,area_code_510,False,False,0,172.7,95,139.1,90,174.3,99,11.7,1,2,False
VT,83,area_code_510,False,True,37,133.1,117,171.4,89,218.1,92,10.9,4,3,False
KS,132,area_code_415,False,False,0,190.1,105,182.2,116,279.8,105,13.0,2,1,False
WV,43,area_code_510,False,True,26,141.5,94,196.4,123,172.4,100,12.9,1,3,False
NE,78,area_code_510,False,True,32,210.3,116,192.2,83,246.1,92,10.8,4,6,False
NY,139,area_code_510,False,False,0,236.6,109,169.9,107,212.3,118,11.1,2,1,True
KY,91,area_code_415,True,False,0,145.0,89,175.8,102,223.7,151,16.7,3,2,True
ID,46,area_code_415,False,False,0,124.8,133,157.3,143,199.3,72,8.6,4,2,False
MO,55,area_code_510,False,False,0,189.0,100,118.5,99,248.1,87,17.1,6,0,False
AR,57,area_code_510,False,False,0,192.8,68,158.0,86,235.5,105,12.7,6,1,False
NM,55,area_code_510,False,False,0,119.7,148,231.8,96,222.3,113,4.6,2,2,False
SC,79,area_code_415,False,False,0,134.7,98,189.7,68,221.4,128,11.8,5,2,False
ND,153,area_code_415,False,True,31,218.5,130,134.2,103,118.9,105,9.4,6,0,False
GA,80,area_code_408,False,False,0,142.9,70,221.6,83,121.4,111,15.2,4,1,False
AK,132,area_code_415,False,True,39,175.7,93,187.2,94,225.5,118,8.6,3,2,False
WV,78,area_code_510,False,True,26,189.0,98,191.7,67,217.0,68,11.3,3,0,False
NH,67,area_code_415,False,True,40,104.9,65,216.3,93,217.4,128,9.6,9,1,False
GA,136,area_code_415,False,False,0,163.4,83,249.3,119,249.7,90,9.8,4,7,False
NY,9,area_code_415,False,True,16,88.5,87,178.8,108,228.7,96,11.5,3,2,False
NY,163,area_code_408,False,False,0,247.7,77,269.5,108,167.3,82,9.6,7,0,True
DE,90,area_code_415,False,False,0,272.2,75,122.9,96,252.6,100,9.2,2,0,False
OR,67,area_code_415,False,False,0,245.1,118,185.2,94,193.6,112,8.1,3,3,False
AZ,100,area_code_415,False,True,26,153.7,115,137.8,146,213.5,104,15.9,5,1,False
MD,86,area_code_408,False,False,0,226.3,88,223.0,107,255.6,92,13.0,3,4,False
WY,67,area_code_510,False,False,0,125.0,96,294.5,114,205.7,75,10.2,4,1,True
TN,25,area_code_415,False,False,0,114.4,114,201.1,97,238.4,121,11.6,4,3,False
NE,124,area_code_510,False,False,0,191.3,134,261.5,113,182.3,111,10.0,3,1,False
NC,30,area_code_510,False,False,0,145.0,76,240.7,112,197.1,134,7.1,4,3,False
TN,70,area_code_510,False,False,0,126.3,99,141.6,106,255.9,96,9.6,2,0,False
VT,128,area_code_408,False,False,0,227.9,130,302.6,71,191.5,82,5.5,7,1,True
VA,84,area_code_415,False,False,0,130.2,105,278.0,60,305.4,74,14.0,6,2,False
MT,121,area_code_408,False,False,0,213.2,79,120.7,116,244.4,102,7.5,4,1,False
AZ,113,area_code_415,False,True,32,180.4,89,129.4,124,166.9,124,8.4,2,1,False
VA,102,area_code_510,False,False,0,62.5,68,222.2,114,142.4,96,12.5,5,1,False
TN,114,area_code_510,False,False,0,172.0,145,276.4,101,193.7,100,10.1,9,1,False
MO,86,area_code_415,False,False,0,125.5,139,269.8,93,235.8,110,8.9,8,1,False
MN,130,area_code_415,False,False,0,204.5,88,178.4,85,229.6,78,12.6,8,0,False
MD,97,area_code_415,False,False,0,218.0,86,184.0,94,240.5,110,6.4,8,3,False
VA,133,area_code_408,False,True,39,239.9,107,253.8,77,128.7,85,6.7,3,5,False
SC,89,area_code_415,False,False,0,159.4,126,207.0,108,141.6,121,11.1,4,1,False
TN,80,area_code_415,True,False,0,276.5,122,195.6,79,210.3,78,7.2,3,1,True
IL,68,area_code_415,True,True,29,195.5,113,171.6,96,204.0,85,13.5,9,1,True
AL,95,area_code_408,False,False,0,190.2,119,157.1,70,181.5,120,14.0,6,0,False
MI,47,area_code_510,False,True,30,136.5,101,174.9,74,146.4,91,10.9,3,2,False
TN,127,area_code_415,False,True,28,235.6,124,236.8,113,241.2,127,7.7,2,1,False
SD,87,area_code_415,False,True,21,214.0,113,180.0,114,134.5,82,10.6,5,0,False
NM,148,area_code_408,False,False,0,153.6,148,262.1,87,225.5,99,9.8,3,2,False
MD,116,area_code_408,False,False,0,159.4,79,179.5,88,167.8,71,9.7,2,6,True
HI,105,area_code_415,False,False,0,281.3,124,301.5,96,202.8,109,8.7,3,0,True
AL,146,area_code_415,False,True,32,154.0,80,185.5,91,148.2,107,8.2,4,3,False
NY,117,area_code_415,False,False,0,144.6,115,258.8,66,253.2,113,7.4,9,2,False
MT,73,area_code_415,False,True,33,129.8,112,225.3,96,262.5,104,8.6,3,1,False
IN,100,area_code_510,False,False,0,247.8,117,130.0,95,134.3,125,6.9,2,1,False
NM,147,area_code_408,True,False,0,183.8,113,164.7,110,111.0,87,10.1,4,1,False
NV,41,area_code_510,False,False,0,182.1,89,211.5,104,207.4,124,6.8,1,1,False
NY,171,area_code_415,False,False,0,137.5,110,198.1,109,292.7,131,13.3,5,2,False
UT,32,area_code_510,False,True,26,243.5,137,236.8,108,173.3,149,9.0,9,1,False
MT,109,area_code_510,False,False,0,154.8,82,287.7,109,208.4,80,5.9,9,3,False
UT,96,area_code_408,False,True,26,145.8,108,192.2,89,165.1,96,9.9,2,1,False
ND,58,area_code_408,False,False,0,177.4,107,204.7,104,141.9,123,15.0,9,3,False
NE,82,area_code_408,False,False,0,185.8,36,276.5,134,192.1,104,5.7,7,4,False
NC,165,area_code_415,False,False,0,207.7,109,164.8,94,54.5,91,7.9,3,0,False
GA,130,area_code_415,False,False,0,211.4,91,191.0,62,207.3,109,11.6,3,1,False
NE,135,area_code_415,False,False,0,181.8,92,159.6,63,232.4,78,7.0,6,0,False
MO,74,area_code_415,False,False,0,172.1,105,211.7,99,182.2,105,11.6,6,1,False
AR,33,area_code_408,False,False,0,251.9,81,194.6,96,211.2,87,8.4,3,2,False
CO,49,area_code_415,False,False,0,172.0,142,224.0,100,177.3,86,7.4,1,0,False
AR,156,area_code_510,False,False,0,189.4,114,145.7,96,192.8,121,4.5,13,0,False
CO,102,area_code_510,False,False,0,95.6,88,167.6,106,177.3,95,9.8,2,3,False
NC,58,area_code_510,False,False,0,112.2,95,209.6,108,260.9,78,13.9,1,0,True
ME,53,area_code_510,False,True,22,174.8,110,191.4,104,119.5,103,12.0,2,3,False
KS,138,area_code_510,False,True,26,183.9,83,240.7,93,185.7,125,15.0,3,1,False
TX,208,area_code_510,False,False,0,326.5,67,176.3,113,181.7,102,10.7,6,2,True
VT,124,area_code_415,False,False,0,178.4,72,233.6,134,179.4,91,12.0,2,0,False
NJ,108,area_code_415,False,False,0,239.3,102,223.4,127,251.4,104,10.6,6,0,False
NY,99,area_code_415,False,False,0,145.6,102,230.9,87,181.5,86,11.4,7,1,False
AL,85,area_code_408,False,True,30,173.1,107,247.2,101,158.7,104,11.5,5,1,False
OH,109,area_code_415,False,False,0,193.6,58,148.7,115,282.5,105,13.1,1,2,False
LA,27,area_code_408,False,False,0,82.6,105,204.0,99,224.2,122,9.1,4,1,False
MO,126,area_code_510,False,False,0,150.8,105,157.1,85,210.0,102,10.7,3,0,False
OH,103,area_code_415,False,True,40,164.5,95,228.7,82,194.7,97,7.4,1,4,False
WV,52,area_code_510,False,True,21,195.7,119,106.2,95,157.4,94,5.3,3,2,False
KS,79,area_code_415,False,False,0,177.9,83,167.3,84,223.7,142,15.2,8,0,False
FL,142,area_code_415,False,True,26,220.5,94,239.5,126,254.3,109,5.9,9,2,False
KY,126,area_code_510,False,False,0,175.4,120,98.3,71,201.9,93,10.6,1,0,False
IL,81,area_code_415,False,True,31,210.4,100,225.5,97,168.7,120,9.7,4,0,False
MN,155,area_code_408,True,False,0,250.8,146,152.5,105,148.1,104,10.0,5,2,False
TX,145,area_code_415,False,False,0,187.9,110,197.0,117,167.0,108,4.8,4,2,False
UT,61,area_code_408,False,True,25,163.7,78,113.2,112,134.1,118,9.9,3,3,False
DC,99,area_code_415,False,True,31,244.1,71,203.4,58,234.0,115,7.7,4,3,False
NM,54,area_code_415,False,True,24,92.3,88,193.1,98,99.3,119,11.6,3,2,False
ID,127,area_code_408,False,False,0,102.8,128,143.7,95,191.4,97,10.0,5,1,False
HI,101,area_code_415,False,True,24,114.1,95,161.5,86,176.3,90,13.0,9,2,False
TX,75,area_code_415,False,False,0,305.1,106,188.0,115,235.4,116,8.5,5,0,True
MN,128,area_code_510,True,False,0,192.8,96,136.6,86,151.8,75,13.5,4,1,True
FL,97,area_code_415,False,True,28,202.3,97,69.2,84,257.6,64,6.7,3,1,False
DE,96,area_code_415,False,True,26,175.8,96,206.6,84,178.0,105,11.1,2,2,False
MO,83,area_code_415,False,True,30,272.5,105,253.0,83,180.8,123,8.7,6,3,False
KS,85,area_code_408,False,False,0,164.0,111,229.4,108,220.7,105,9.3,2,1,False
WI,41,area_code_408,True,True,31,278.1,86,268.1,103,241.5,77,11.3,4,0,False
VT,217,area_code_510,False,False,0,99.7,74,183.1,97,220.3,73,14.4,4,0,False
NY,144,area_code_408,False,False,0,61.6,117,77.1,85,173.0,99,8.2,7,4,True
CA,112,area_code_415,False,False,0,111.9,92,114.0,143,146.8,79,14.1,3,5,True
NY,92,area_code_408,False,False,0,265.6,82,180.7,75,211.1,113,8.6,2,1,False
CA,85,area_code_415,False,False,0,195.7,104,182.9,121,324.7,110,8.6,9,0,False
NM,132,area_code_408,False,False,0,169.9,107,209.4,121,206.1,79,11.5,2,1,False
CT,87,area_code_510,False,True,18,186.7,74,220.0,77,224.6,137,12.0,4,1,False
NM,102,area_code_510,False,True,18,144.4,76,160.7,97,200.8,101,9.3,4,0,False
WV,176,area_code_510,False,False,0,304.2,111,306.6,64,207.9,98,9.5,2,7,True
MN,139,area_code_510,False,True,25,96.2,112,178.9,70,182.1,84,12.9,10,2,False
NE,124,area_code_415,False,False,0,182.7,98,197.2,93,220.6,105,8.1,4,1,False
IN,105,area_code_510,False,True,42,101.9,79,223.1,97,241.6,77,12.9,2,0,False
VA,149,area_code_408,False,True,28,212.8,117,159.9,86,222.7,88,0.0,0,1,False
DC,98,area_code_415,False,False,0,162.5,81,159.2,114,157.2,97,9.7,1,2,False
GA,69,area_code_408,False,False,0,215.9,122,270.3,114,301.8,129,6.1,5,4,True
SC,93,area_code_415,False,False,0,190.2,68,262.2,64,130.0,92,8.8,4,0,False
MO,58,area_code_415,False,False,0,149.4,145,196.5,105,209.5,108,14.9,3,1,False
TN,69,area_code_510,False,False,0,195.3,70,216.7,108,259.9,119,12.5,4,3,False
ND,59,area_code_510,False,False,0,179.4,80,232.5,99,175.8,105,14.7,3,0,False
VT,117,area_code_408,True,False,0,167.1,86,177.5,87,249.4,132,14.1,7,2,True
WA,167,area_code_415,False,False,0,169.2,124,173.3,108,216.5,64,12.4,4,4,True
MD,137,area_code_510,False,False,0,111.8,106,281.9,89,233.0,93,11.5,4,4,True
DE,120,area_code_415,False,False,0,253.2,95,210.8,86,253.9,81,9.5,4,5,True
ID,104,area_code_510,False,False,0,97.2,88,155.6,85,261.6,105,12.4,5,0,False
ID,56,area_code_510,False,False,0,150.9,79,161.8,87,167.7,115,11.7,5,3,False
MD,93,area_code_510,True,False,0,131.4,78,219.7,106,155.7,103,11.1,2,1,True
WV,161,area_code_415,False,False,0,159.6,102,212.6,119,151.4,83,12.6,7,5,True
CT,141,area_code_408,False,False,0,51.9,108,162.0,83,223.5,115,10.1,3,3,False
KS,178,area_code_415,False,True,22,112.8,66,232.6,100,194.8,119,14.3,3,1,False
NM,1,area_code_510,False,True,26,69.7,84,250.4,79,230.2,122,8.3,3,2,False
KS,121,area_code_408,False,False,0,150.7,105,197.3,133,169.0,116,9.2,15,1,False
ID,159,area_code_510,False,True,36,288.2,120,227.1,105,198.2,113,13.3,7,1,False
VA,138,area_code_415,False,False,0,251.0,119,91.2,96,142.2,87,13.8,3,3,False
CA,136,area_code_510,False,False,0,132.4,110,254.1,81,176.5,100,13.0,6,2,False
CT,60,area_code_415,True,True,45,135.6,101,94.9,73,154.0,118,9.8,3,4,True
MO,101,area_code_415,True,False,0,156.4,116,130.4,114,207.3,109,7.3,5,1,False
OK,117,area_code_415,False,False,0,212.1,133,276.6,94,195.5,124,9.5,3,2,False
AL,25,area_code_408,False,False,0,264.9,80,281.2,66,166.1,80,8.4,4,1,True
MS,1,area_code_415,False,False,0,144.8,107,112.5,66,218.7,79,13.8,3,1,False
MD,104,area_code_415,False,False,0,153.7,86,160.3,78,176.6,140,9.6,8,1,False
VA,58,area_code_408,False,False,0,181.4,106,145.8,77,200.3,85,7.9,3,0,False
SC,101,area_code_415,False,False,0,158.4,92,188.0,117,219.7,125,13.5,4,4,True
IL,83,area_code_415,False,False,0,195.0,92,210.5,83,180.6,92,11.0,13,0,False
NC,166,area_code_415,False,True,26,152.1,114,89.3,67,194.6,111,7.5,6,0,False
NJ,112,area_code_510,False,True,22,244.7,104,203.1,88,222.0,84,7.4,6,0,False
MN,117,area_code_408,False,True,21,153.2,112,263.3,110,135.0,85,11.9,7,1,False
AL,106,area_code_415,False,False,0,212.9,110,187.0,69,128.1,71,6.3,3,3,False
MI,67,area_code_510,False,True,35,245.4,89,148.2,102,274.0,136,7.5,6,1,False
MI,119,area_code_510,True,True,22,172.1,119,223.6,133,150.0,94,13.9,20,1,True
PA,92,area_code_510,False,False,0,185.9,111,216.8,93,231.0,58,8.5,2,1,False
WI,101,area_code_415,False,False,0,248.6,102,174.9,93,207.2,86,6.1,3,3,False
WI,77,area_code_408,False,False,0,168.1,83,202.0,91,173.2,91,10.0,3,3,False
KS,70,area_code_408,False,False,0,232.1,122,292.3,112,201.2,112,0.0,0,3,False
ND,122,area_code_408,False,False,0,231.2,141,267.8,136,240.3,100,8.8,5,1,True
WV,80,area_code_415,False,True,38,236.6,69,197.5,68,209.5,102,9.5,10,2,False
SC,77,area_code_415,False,False,0,175.8,116,156.2,125,237.4,106,5.0,4,0,False
NH,155,area_code_408,False,False,0,216.7,30,144.3,125,135.3,106,10.8,1,2,False
NC,116,area_code_408,False,True,19,155.7,104,185.4,118,192.7,116,8.2,2,3,False
NE,105,area_code_510,False,False,0,213.3,99,153.1,79,227.9,98,10.8,5,1,False
WY,111,area_code_415,False,False,0,222.2,96,162.5,111,184.9,120,11.9,7,4,False
WY,90,area_code_415,False,False,0,246.4,83,160.3,88,170.9,99,7.6,7,1,False
HI,63,area_code_415,False,False,0,112.5,95,211.2,67,227.5,96,11.1,8,0,False
IL,179,area_code_510,False,False,0,116.1,101,201.8,99,181.9,103,11.6,5,0,False
VT,122,area_code_408,False,False,0,128.3,89,237.7,62,166.6,128,11.2,5,1,False
AR,138,area_code_408,False,True,33,214.9,91,288.7,97,262.7,64,8.1,2,0,False
CO,11,area_code_415,False,True,36,293.4,122,174.1,91,212.0,50,6.9,6,1,False
ND,62,area_code_510,False,False,0,159.9,100,172.2,99,263.2,109,5.6,4,1,False
NV,87,area_code_408,False,True,48,178.8,91,246.8,106,262.4,119,9.0,8,1,False
ID,88,area_code_415,False,False,0,55.6,65,242.7,121,176.3,134,11.3,4,0,False
TX,53,area_code_415,False,False,0,119.7,113,189.7,84,256.2,108,12.9,7,2,False
OK,105,area_code_510,True,True,28,156.1,89,107.1,114,167.7,95,14.7,3,0,True
NM,153,area_code_408,False,False,0,185.3,127,208.0,73,206.1,124,15.1,3,1,False
NJ,75,area_code_415,False,True,42,248.9,93,170.8,108,104.5,91,11.2,8,1,False
NE,127,area_code_408,False,False,0,135.5,110,146.0,116,208.0,88,10.7,4,2,False
AK,52,area_code_408,False,False,0,217.0,104,152.3,83,134.3,109,11.8,4,2,False
AZ,97,area_code_408,False,False,0,169.7,84,165.9,86,191.9,83,12.8,6,3,False
NC,64,area_code_408,False,True,19,180.1,106,127.5,92,237.4,118,7.5,3,0,False
AR,57,area_code_415,False,True,23,208.7,57,233.4,132,108.8,117,9.1,5,1,False
MI,81,area_code_408,False,False,0,166.2,102,217.6,112,220.2,68,13.2,2,4,False
CO,65,area_code_408,False,False,0,131.5,119,222.3,119,155.3,83,11.1,7,1,False
NC,55,area_code_408,True,False,0,221.0,115,165.4,97,235.4,117,9.7,4,1,False
MD,160,area_code_415,False,False,0,256.0,111,187.4,61,119.1,81,11.5,4,3,False
DE,89,area_code_408,False,False,0,197.1,110,165.9,115,227.3,106,12.8,3,1,False
IN,65,area_code_408,False,False,0,207.7,109,217.5,117,125.6,111,8.0,5,1,False
CO,92,area_code_415,False,False,0,184.7,60,262.0,73,239.5,120,12.3,6,2,True
CO,82,area_code_408,False,False,0,121.6,81,191.3,109,231.4,81,8.6,5,3,False
OK,109,area_code_415,True,False,0,166.5,101,268.4,119,126.2,112,10.2,3,3,False
MA,56,area_code_510,False,False,0,253.2,95,188.0,116,142.0,133,4.4,4,1,False
WV,121,area_code_415,False,False,0,103.3,110,129.1,82,167.1,113,10.7,3,0,False
IL,149,area_code_408,False,False,0,69.1,117,136.3,100,181.7,53,6.3,3,1,False
KS,24,area_code_510,False,False,0,243.0,91,183.9,77,184.3,109,15.3,6,0,True
WV,131,area_code_415,False,False,0,196.1,89,185.5,87,250.0,132,5.2,6,2,False
NV,160,area_code_415,False,False,0,176.2,90,196.0,115,263.9,95,9.2,4,1,False
MT,94,area_code_510,False,False,0,210.2,95,191.2,87,150.8,111,9.4,3,2,False
MT,114,area_code_510,False,False,0,189.8,101,147.7,80,172.7,121,10.6,5,1,False
HI,99,area_code_415,False,False,0,124.6,90,146.4,70,169.4,95,10.5,6,1,False
SD,108,area_code_510,True,False,0,275.9,84,203.0,91,211.4,108,6.7,4,2,True
NV,180,area_code_510,False,False,0,139.0,96,224.9,64,170.8,118,15.7,5,2,False
MO,84,area_code_415,False,True,35,207.5,138,201.0,116,164.5,107,7.5,16,4,False
VT,128,area_code_510,False,True,32,222.9,136,262.0,80,191.4,101,10.8,4,0,False
WA,104,area_code_415,False,False,0,139.7,78,202.6,119,203.6,102,11.3,5,2,False
IN,75,area_code_510,False,True,17,200.7,107,212.5,109,204.0,136,12.9,3,4,False
OK,155,area_code_408,False,True,30,61.6,103,255.1,110,225.9,96,12.4,5,1,False
AZ,75,area_code_510,False,True,37,121.5,97,271.4,110,248.7,97,11.3,5,2,False
GA,185,area_code_510,False,True,31,189.8,126,163.3,133,264.8,126,7.5,3,1,False
ID,137,area_code_510,False,False,0,203.1,97,132.0,76,250.9,94,9.2,4,4,False
CT,80,area_code_408,False,False,0,118.1,90,144.3,77,225.1,86,8.2,6,1,False
NC,86,area_code_510,False,False,0,190.5,115,179.6,130,258.5,89,10.1,5,3,False
MD,117,area_code_415,False,True,23,198.1,86,177.0,86,180.5,92,6.8,6,1,False
VA,162,area_code_510,False,False,0,103.3,93,210.6,87,187.2,118,11.4,6,1,False
MS,69,area_code_510,False,True,27,268.8,78,246.6,89,271.9,102,16.4,3,0,False
AL,88,area_code_415,False,False,0,181.9,90,151.5,87,143.0,100,7.5,3,1,False
TX,125,area_code_415,False,False,0,203.4,110,128.7,97,190.5,113,11.0,4,1,False
DC,103,area_code_510,False,True,31,107.7,124,188.9,104,196.2,98,8.9,3,0,False
OK,101,area_code_408,False,False,0,89.7,118,260.1,79,170.1,93,13.5,11,5,True
UT,134,area_code_415,False,False,0,258.8,85,129.5,114,193.6,106,10.9,7,2,False
OR,134,area_code_415,False,True,50,208.8,130,132.9,104,136.7,107,11.1,4,2,False
IL,58,area_code_415,True,True,43,142.8,96,272.3,100,193.4,105,8.9,4,1,False
NV,58,area_code_415,False,True,28,236.8,89,158.4,91,212.3,97,8.0,3,2,False
DE,78,area_code_408,False,False,0,139.2,140,191.4,113,286.5,125,11.8,3,3,False
MI,55,area_code_415,False,True,20,207.7,91,199.7,113,216.5,110,7.3,1,1,False
IN,80,area_code_415,False,False,0,106.5,116,104.8,67,183.2,124,8.2,5,1,False
KY,111,area_code_415,False,False,0,255.9,97,204.1,129,171.3,84,12.3,5,3,False
NY,87,area_code_415,False,False,0,204.8,101,161.0,80,285.7,89,9.5,3,0,False
NY,61,area_code_415,False,False,0,197.7,118,152.2,96,221.0,93,7.0,3,2,False
CO,23,area_code_408,False,False,0,190.2,89,166.4,108,219.8,73,15.0,4,6,False
WA,136,area_code_415,False,True,24,243.3,107,226.8,111,138.5,117,11.0,4,4,False
WA,112,area_code_415,False,False,0,158.1,107,181.5,101,200.3,126,8.3,7,1,False
NJ,88,area_code_415,False,False,0,301.5,136,257.7,72,132.9,118,13.4,2,4,True
SC,121,area_code_415,False,False,0,144.8,126,200.6,82,208.8,81,13.3,9,0,True
SD,34,area_code_408,False,False,0,180.6,65,280.4,99,292.4,105,5.0,3,1,False
TX,90,area_code_408,True,False,0,221.8,97,203.8,134,215.8,154,8.4,4,1,False
WY,104,area_code_408,False,False,0,183.6,133,120.7,98,215.1,112,12.7,2,1,False
AZ,144,area_code_510,True,False,0,203.5,100,247.6,103,194.3,94,11.9,11,0,False
OR,102,area_code_415,False,True,25,187.5,105,272.3,88,216.4,91,11.7,2,2,False
FL,133,area_code_408,False,True,49,229.4,78,219.5,106,172.3,115,12.0,4,3,False
HI,141,area_code_510,False,False,0,138.2,94,176.4,84,182.9,110,11.1,6,3,False
VT,93,area_code_510,False,True,32,218.7,117,115.0,61,192.7,85,9.4,5,2,False
NJ,122,area_code_415,False,True,34,146.4,104,89.7,103,220.0,91,15.6,4,2,False
WY,127,area_code_510,True,False,0,247.5,99,108.5,118,232.0,72,10.6,3,2,False
NJ,60,area_code_408,False,False,0,289.8,101,255.6,115,242.8,76,11.7,4,2,True
GA,85,area_code_510,False,False,0,222.3,132,231.5,101,223.5,75,11.0,2,3,False
WA,31,area_code_415,False,False,0,142.9,67,109.7,72,293.6,112,11.5,6,0,False
NE,91,area_code_510,False,True,37,162.3,107,233.9,115,277.4,94,9.2,4,0,False
TN,148,area_code_415,False,True,36,77.6,141,207.0,60,255.7,115,10.9,2,1,False
VT,115,area_code_415,False,False,0,202.1,95,231.6,89,214.6,165,13.1,7,1,False
MO,164,area_code_408,False,True,25,219.1,88,151.5,99,50.1,60,14.3,6,1,False
MN,89,area_code_510,False,False,0,86.0,105,215.5,102,185.7,83,8.2,3,3,False
KS,121,area_code_408,True,False,0,175.9,87,225.3,114,156.2,113,10.4,3,2,False
TN,120,area_code_408,True,False,0,179.9,72,170.0,98,190.6,89,13.8,2,1,True
MT,113,area_code_415,False,False,0,215.9,93,240.1,85,156.7,123,4.9,5,3,False
NC,118,area_code_408,True,True,39,153.8,106,123.3,111,117.8,103,9.2,6,1,False
NY,77,area_code_415,True,False,0,132.9,86,168.1,121,196.3,102,7.8,3,0,False
AL,125,area_code_408,False,False,0,169.3,90,156.0,138,210.8,106,11.6,6,2,False
UT,118,area_code_408,True,True,52,123.7,114,133.2,137,191.8,102,7.9,3,0,False
NH,127,area_code_415,True,False,0,324.3,107,141.6,90,207.6,90,12.8,7,1,True
PA,72,area_code_415,False,False,0,180.0,109,292.7,96,194.9,114,10.8,4,0,False
KS,137,area_code_415,False,True,19,175.3,96,241.3,146,211.4,109,7.8,2,0,False
VA,121,area_code_510,False,True,28,110.0,94,141.5,76,237.3,87,6.4,3,2,False
MN,30,area_code_408,False,False,0,112.9,81,224.8,68,188.4,122,11.3,7,4,True
UT,85,area_code_510,False,False,0,212.3,107,228.4,103,163.3,116,7.7,3,0,False
CO,192,area_code_415,False,False,0,221.6,101,285.2,50,167.4,83,12.7,6,4,False
PA,180,area_code_415,False,False,0,174.1,94,147.1,93,216.9,108,16.2,3,1,False
TX,66,area_code_415,False,True,35,190.8,100,261.3,93,209.5,108,8.9,6,0,False
CA,185,area_code_408,False,False,0,139.6,92,250.2,115,158.1,79,10.8,4,1,False
WA,107,area_code_415,False,False,0,230.4,65,257.4,80,107.3,88,8.5,3,1,False
OR,48,area_code_415,False,False,0,190.4,92,317.5,85,133.4,113,8.3,4,2,False
MI,30,area_code_510,False,False,0,227.4,88,182.5,100,191.7,134,12.5,3,0,False
WV,99,area_code_408,False,True,12,119.9,83,237.7,98,187.6,159,16.6,2,1,False
ID,107,area_code_415,False,False,0,260.6,81,246.1,116,243.3,117,12.8,9,0,True
NH,148,area_code_510,False,False,0,168.8,102,248.1,125,250.7,96,10.6,4,1,False
MA,57,area_code_415,False,True,24,140.2,102,170.1,107,143.7,102,14.0,1,1,False
MN,82,area_code_415,False,False,0,194.7,105,210.9,100,236.9,143,11.6,3,3,False
UT,95,area_code_408,False,True,35,229.1,143,148.2,104,248.4,110,3.9,3,0,False
VA,86,area_code_415,False,False,0,120.6,82,238.3,96,219.8,125,11.4,5,0,False
CO,93,area_code_415,False,False,0,120.6,104,205.5,95,182.5,107,9.6,6,2,False
WV,104,area_code_415,False,False,0,225.9,123,162.8,106,272.1,85,10.1,4,1,False
MA,120,area_code_415,False,False,0,137.3,100,212.2,129,152.7,92,10.5,2,1,False
HI,94,area_code_408,False,False,0,226.6,119,199.8,111,219.4,141,11.7,2,3,False
NC,149,area_code_510,False,False,0,207.3,115,198.4,82,114.1,83,8.6,4,1,False
IN,96,area_code_415,False,True,45,248.8,124,140.3,77,263.6,102,10.3,2,3,False
MT,54,area_code_415,False,False,0,272.6,83,248.7,74,197.4,111,9.5,2,1,True
RI,74,area_code_415,False,False,0,187.7,127,163.4,148,196.0,94,9.1,5,0,False
TN,106,area_code_415,False,False,0,119.2,142,228.4,139,197.9,61,8.4,9,2,False
WA,49,area_code_510,False,True,42,159.0,67,126.3,125,206.8,88,7.4,3,2,False
AZ,104,area_code_408,False,False,0,167.6,116,219.2,112,215.9,94,11.7,2,4,False
MS,193,area_code_415,False,False,0,170.9,124,132.3,95,112.9,89,11.6,3,1,False
AR,58,area_code_415,False,False,0,238.9,107,187.2,88,181.1,84,11.8,3,2,False
OR,142,area_code_510,False,True,22,224.4,114,146.0,106,241.4,98,8.8,2,1,False
IA,102,area_code_510,False,False,0,171.5,77,261.0,107,328.8,72,10.2,1,0,False
NC,73,area_code_408,False,False,0,187.8,95,149.2,143,201.4,113,11.0,4,2,False
TX,150,area_code_510,False,False,0,178.9,101,169.1,110,148.6,100,13.8,3,4,True
WV,119,area_code_415,False,True,32,186.4,75,206.9,92,150.6,80,12.1,2,1,False
VA,103,area_code_415,False,False,0,230.2,100,174.1,100,194.1,112,9.0,11,2,False
MD,125,area_code_408,False,False,0,137.1,94,209.8,83,238.4,114,8.6,4,1,False
SD,137,area_code_510,False,False,0,242.1,118,191.0,93,218.6,50,14.7,2,3,False
ID,72,area_code_415,True,False,0,101.0,110,240.0,70,333.5,105,11.1,6,0,False
WV,131,area_code_408,False,False,0,155.6,78,165.2,134,184.1,89,8.7,2,2,False
WY,32,area_code_408,False,False,0,171.2,82,185.6,102,203.3,64,10.2,7,1,False
IA,130,area_code_510,False,False,0,139.1,72,246.0,112,207.2,121,11.4,9,5,False
NE,90,area_code_415,False,False,0,114.4,108,232.8,150,198.1,78,8.9,3,0,False
IL,85,area_code_415,False,True,29,144.6,97,140.0,102,165.4,148,10.9,3,1,False
NJ,163,area_code_415,False,False,0,82.0,95,125.2,103,171.3,107,8.0,4,1,False
FL,106,area_code_408,False,True,32,165.9,126,216.5,93,173.1,86,14.1,8,4,False
TX,46,area_code_415,False,False,0,230.7,117,186.2,84,182.2,109,9.2,4,2,False
DE,85,area_code_510,False,False,0,211.5,100,184.6,88,164.3,131,13.3,4,2,False
FL,102,area_code_408,False,True,29,214.7,86,314.3,109,280.2,110,14.3,2,0,False
CA,33,area_code_408,False,False,0,159.5,115,195.4,118,102.4,86,7.1,7,1,False
ME,108,area_code_510,False,False,0,246.2,102,202.4,134,180.1,95,9.4,5,1,False
MS,92,area_code_510,False,True,27,233.6,126,152.9,94,262.1,95,12.8,4,1,False
HI,118,area_code_415,False,False,0,133.4,113,121.0,92,254.7,129,5.9,4,1,False
FL,133,area_code_510,False,False,0,201.7,85,169.4,116,286.3,80,6.0,4,0,False
TN,72,area_code_408,False,False,0,147.0,79,162.3,103,162.9,80,10.5,4,1,False
KY,129,area_code_415,False,False,0,207.7,75,191.3,116,226.7,98,11.6,6,2,False
LA,133,area_code_510,False,False,0,172.2,81,214.9,123,184.3,90,11.1,6,3,False
VT,138,area_code_415,False,False,0,230.1,107,212.0,120,174.9,119,13.2,4,1,False
AL,83,area_code_408,False,False,0,202.3,87,201.5,111,101.7,82,6.8,4,0,False
WA,120,area_code_408,False,True,28,215.8,123,285.2,76,192.1,78,6.9,3,1,False
OH,43,area_code_510,False,True,39,188.3,108,167.6,116,189.9,92,15.6,5,1,False
ID,151,area_code_415,False,False,0,194.8,106,292.7,103,224.6,82,5.5,3,0,False
MA,79,area_code_408,False,True,27,192.3,125,147.3,108,215.0,97,7.8,4,1,False
UT,139,area_code_415,False,False,0,165.0,132,249.7,86,170.3,128,12.6,8,1,False
AK,76,area_code_415,False,False,0,143.7,55,173.1,108,239.1,95,5.8,6,1,False
CO,141,area_code_408,False,False,0,264.3,90,216.4,101,208.8,72,9.6,3,0,True
SC,149,area_code_415,False,True,20,147.8,132,276.8,94,149.9,110,10.2,6,0,False
LA,128,area_code_415,False,False,0,148.5,105,243.0,106,255.2,114,6.8,2,1,False
UT,90,area_code_415,False,False,0,152.3,91,165.0,120,294.3,73,9.0,3,2,False
KY,113,area_code_415,False,False,0,140.8,107,252.6,87,215.4,136,9.1,4,3,False
AL,76,area_code_415,False,False,0,222.0,99,215.9,122,204.1,131,8.2,5,3,True
WY,157,area_code_415,True,False,0,180.4,123,194.0,98,227.3,88,8.4,5,0,False
AL,67,area_code_415,False,True,28,95.0,94,291.2,73,159.6,114,10.0,2,2,False
SD,114,area_code_415,False,True,36,309.9,90,200.3,89,183.5,105,14.2,2,1,False
LA,61,area_code_408,False,False,0,140.8,126,212.5,115,141.7,79,6.4,5,4,True
WI,64,area_code_510,False,False,0,154.0,67,225.8,118,265.3,86,3.5,3,1,False
MN,96,area_code_408,True,False,0,188.8,119,216.9,100,208.5,116,5.8,3,3,False
NH,125,area_code_415,False,True,25,190.1,133,181.1,61,104.0,110,12.5,3,2,False
NC,52,area_code_408,False,True,31,122.2,88,139.0,100,141.9,141,5.7,10,3,False
AZ,192,area_code_415,False,True,36,156.2,77,215.5,126,279.1,83,9.9,6,2,False
PA,87,area_code_408,False,True,30,262.8,114,215.8,130,154.8,88,7.8,2,0,False
FL,130,area_code_415,False,False,0,207.1,70,200.1,115,194.2,100,12.4,2,1,False
PA,106,area_code_408,True,False,0,133.7,45,187.8,107,181.9,89,10.7,2,1,True
VA,118,area_code_408,False,False,0,189.3,119,233.5,112,270.9,104,10.0,1,2,False
WV,167,area_code_510,False,False,0,191.5,93,163.8,76,189.1,103,14.1,9,1,False
GA,131,area_code_408,False,False,0,197.0,79,201.0,114,151.2,111,11.6,5,1,False
OH,108,area_code_415,False,True,30,126.0,124,202.4,84,186.4,99,8.6,1,1,False
OK,101,area_code_415,False,False,0,269.7,85,207.6,86,214.2,107,4.5,15,3,True
TX,112,area_code_415,False,False,0,214.8,112,209.7,104,164.4,97,9.4,5,3,False
NC,135,area_code_510,False,True,18,180.1,90,152.5,65,258.2,85,12.7,9,1,False
KY,109,area_code_415,False,False,0,175.6,80,238.0,94,198.4,103,10.2,6,1,False
NV,70,area_code_415,False,False,0,205.7,80,221.4,103,206.2,117,14.2,5,2,False
IA,168,area_code_408,False,False,0,128.8,96,104.9,71,141.1,128,11.2,2,1,False
AR,72,area_code_415,False,True,27,111.7,68,252.8,106,255.5,109,7.8,4,1,False
DE,95,area_code_510,False,False,0,184.2,95,181.6,101,143.4,113,12.8,4,2,False
ND,182,area_code_415,False,False,0,104.9,111,198.5,120,258.2,91,8.0,5,2,False
AR,33,area_code_415,True,False,0,164.0,99,153.1,102,123.8,104,6.4,4,0,False
NJ,67,area_code_415,False,False,0,178.0,77,233.6,88,175.6,88,6.3,4,2,False
RI,77,area_code_408,False,False,0,196.6,87,117.7,103,124.9,100,11.4,3,2,False
GA,100,area_code_415,False,False,0,218.9,124,237.5,99,189.7,52,11.0,6,2,False
WI,143,area_code_510,False,False,0,194.3,99,123.6,133,229.5,99,10.2,2,2,False
OH,165,area_code_510,False,False,0,209.4,67,273.8,89,150.2,88,12.8,1,0,False
MA,152,area_code_408,False,False,0,216.7,70,152.7,102,181.2,99,11.6,6,1,False
NJ,135,area_code_510,False,False,0,180.1,112,257.2,89,131.6,111,11.4,7,1,False
NC,102,area_code_408,False,True,27,109.8,66,207.3,76,236.9,101,10.3,7,0,False
MD,18,area_code_408,False,False,0,273.6,93,114.6,116,250.6,120,8.2,4,1,False
VT,165,area_code_510,False,False,0,242.9,126,209.8,65,228.4,126,0.0,0,1,False
OH,169,area_code_408,False,False,0,147.2,115,161.9,123,142.1,103,7.2,6,3,False
IN,108,area_code_415,False,False,0,199.3,104,224.2,92,140.1,57,15.2,2,0,False
VA,99,area_code_510,False,False,0,128.3,78,215.3,120,143.7,140,14.3,9,2,False
OK,52,area_code_510,False,False,0,153.7,100,174.2,139,242.3,53,14.1,3,1,False
OK,149,area_code_510,False,True,43,206.7,79,174.6,122,241.5,80,10.9,3,1,False
SC,99,area_code_510,False,False,0,169.2,70,271.5,77,170.2,104,10.6,2,0,False
NC,54,area_code_415,True,False,0,190.5,108,259.7,108,141.5,111,9.7,2,2,True
VT,162,area_code_510,False,False,0,220.6,117,155.2,121,186.7,89,10.5,11,1,False
IN,129,area_code_415,False,False,0,137.8,120,225.8,110,145.2,95,10.2,6,1,True
VT,68,area_code_415,False,False,0,158.8,119,211.8,105,198.1,101,10.3,3,1,False
AZ,145,area_code_415,False,True,10,190.7,100,177.7,114,167.3,100,12.8,2,0,False
PA,147,area_code_415,False,False,0,188.3,80,214.7,123,218.0,89,10.2,4,2,False
MT,106,area_code_415,False,False,0,187.1,104,250.2,117,144.9,81,11.0,3,1,False
ND,48,area_code_415,False,False,0,210.8,84,189.6,98,157.6,99,16.4,3,2,False
CO,90,area_code_408,False,True,30,183.8,76,229.7,95,144.1,124,7.7,3,1,False
WV,43,area_code_408,True,False,0,160.5,92,235.8,121,111.8,95,13.8,5,1,True
LA,99,area_code_415,False,False,0,241.1,72,155.6,98,188.2,109,11.6,10,1,False
LA,124,area_code_510,False,False,0,143.3,120,230.7,111,214.3,91,7.8,2,4,True
NE,76,area_code_510,False,False,0,143.3,98,309.1,101,207.3,122,11.4,3,2,False
MA,127,area_code_510,False,True,19,129.7,115,160.8,101,265.0,63,12.2,3,2,False
ID,140,area_code_510,False,False,0,193.1,82,260.3,107,241.3,93,13.3,5,2,False
UT,102,area_code_510,False,True,45,129.2,142,239.4,114,223.4,66,8.7,4,0,False
LA,81,area_code_415,False,True,36,115.9,120,236.6,95,255.0,90,11.7,6,3,False
NH,119,area_code_408,False,False,0,138.3,89,170.5,78,263.9,98,13.5,6,3,False
CA,96,area_code_415,False,False,0,183.9,88,109.2,86,190.2,78,16.6,7,2,False
ND,86,area_code_415,False,True,25,126.4,97,189.7,118,233.6,97,12.0,2,1,False
TX,82,area_code_415,False,False,0,189.2,81,184.4,117,255.8,83,10.6,5,3,True
WY,62,area_code_415,False,False,0,116.5,77,186.1,111,180.6,72,16.1,2,3,False
DC,41,area_code_408,False,True,37,239.8,110,221.9,115,189.1,100,7.3,1,2,False
WI,116,area_code_415,False,True,35,200.4,104,272.8,89,214.5,100,8.3,4,1,False
MD,79,area_code_415,False,True,17,236.7,95,263.5,56,259.6,107,12.0,4,1,False
OR,37,area_code_408,False,False,0,257.3,117,134.5,92,306.2,102,8.2,5,3,False
ND,123,area_code_408,False,False,0,159.1,94,241.6,119,202.4,120,6.5,1,1,False
OK,33,area_code_415,True,False,0,247.1,114,146.5,110,208.9,94,10.6,2,4,True
NV,139,area_code_510,True,False,0,172.6,92,281.7,123,253.4,117,10.5,3,3,False
LA,85,area_code_510,False,False,0,133.3,107,185.0,101,289.0,99,9.1,4,3,False
DE,106,area_code_415,False,False,0,128.6,83,134.0,114,210.6,113,11.4,2,0,False
CA,127,area_code_510,False,False,0,107.9,128,187.0,77,218.5,95,0.0,0,0,False
SC,212,area_code_415,False,False,0,226.0,127,304.6,83,181.2,132,12.6,4,2,True
OK,94,area_code_415,False,False,0,255.1,96,276.9,67,226.5,74,10.6,2,0,True
ND,118,area_code_415,False,True,39,91.5,125,219.9,113,229.0,99,12.7,8,2,False
AZ,89,area_code_510,False,True,24,197.8,84,223.2,117,201.7,132,5.7,4,1,False
AL,151,area_code_408,False,True,27,166.4,112,234.3,116,161.1,95,5.5,2,0,False
ID,92,area_code_415,False,True,29,201.3,130,203.7,115,129.9,113,6.4,6,1,True
DE,63,area_code_408,False,False,0,117.1,118,249.6,90,162.2,84,11.1,4,3,False
OH,135,area_code_510,False,False,0,112.7,123,280.0,90,251.9,110,10.4,2,0,False
IL,101,area_code_415,False,False,0,124.8,66,257.2,85,193.2,115,13.4,4,0,False
LA,108,area_code_510,False,True,30,276.6,99,220.1,113,177.9,95,9.8,6,2,False
DE,137,area_code_415,False,False,0,115.5,101,226.2,81,179.1,123,13.6,4,0,False
CT,45,area_code_415,False,False,0,142.4,107,318.7,78,224.1,108,11.1,7,1,False
WV,62,area_code_415,False,False,0,189.5,122,103.8,95,180.6,106,10.8,5,2,False
TX,125,area_code_415,False,False,0,190.2,107,209.2,75,102.1,136,14.2,5,4,True
WV,123,area_code_408,False,True,31,203.6,108,156.9,112,236.2,114,12.0,5,1,False
WI,186,area_code_408,False,False,0,206.8,104,286.0,115,153.9,112,12.4,6,0,False
WY,41,area_code_510,False,False,0,223.8,67,244.8,74,223.8,156,12.3,5,3,False
NE,89,area_code_415,False,True,29,163.5,80,274.8,136,381.9,147,7.5,5,2,False
NY,122,area_code_415,False,False,0,173.6,110,91.7,84,211.7,103,9.7,7,3,False
SC,108,area_code_415,False,False,0,197.4,78,124.0,101,204.5,107,7.7,4,2,False
DE,140,area_code_415,False,False,0,143.0,100,193.4,89,59.5,81,12.3,8,4,True
ND,117,area_code_415,True,False,0,158.1,101,315.1,96,176.1,108,13.9,2,3,True
MO,98,area_code_415,False,False,0,221.2,80,213.6,104,291.8,89,11.9,3,4,False
MA,90,area_code_408,False,False,0,157.9,72,234.0,93,210.0,86,12.2,5,2,False
OK,121,area_code_408,False,True,31,237.1,63,205.6,117,196.7,85,10.1,5,4,False
NE,96,area_code_415,False,False,0,180.6,92,190.9,114,295.6,125,10.3,4,1,True
FL,148,area_code_510,True,False,0,148.2,138,159.6,123,197.4,62,8.6,3,2,False
UT,37,area_code_510,False,False,0,271.7,112,155.1,96,199.5,97,6.6,4,3,False
HI,98,area_code_415,False,True,31,181.6,112,220.7,100,236.3,121,12.9,4,2,False
VT,120,area_code_415,False,False,0,221.3,106,267.6,98,111.5,80,9.3,7,0,False
AK,112,area_code_510,False,False,0,172.7,112,244.5,83,242.3,68,4.1,1,0,False
TX,121,area_code_415,False,True,31,263.1,70,279.3,118,127.1,143,9.7,4,5,False
WA,143,area_code_415,False,False,0,211.4,94,184.5,89,243.2,108,5.5,5,1,True
KY,14,area_code_415,False,False,0,184.5,77,272.5,103,190.3,129,9.7,3,4,False
HI,17,area_code_408,False,False,0,168.5,102,297.2,130,244.7,117,8.8,6,3,False
MS,123,area_code_415,True,False,0,125.5,106,128.9,96,251.9,129,6.3,6,4,True
HI,130,area_code_510,False,False,0,126.8,101,144.1,105,249.6,117,11.4,8,2,False
CA,67,area_code_510,False,False,0,102.8,93,137.8,91,158.9,110,8.9,5,1,False
KY,110,area_code_510,False,False,0,99.4,62,275.0,86,212.1,94,16.7,3,2,False
WI,90,area_code_415,False,False,0,200.9,92,164.3,91,249.0,98,8.9,7,1,False
SC,100,area_code_510,False,False,0,115.9,87,111.3,56,170.2,77,7.1,4,1,False
VA,126,area_code_415,False,True,24,197.3,82,167.6,51,222.0,89,7.4,3,1,False
OK,149,area_code_408,False,False,0,187.6,83,201.4,81,264.2,79,8.8,1,1,False
NY,41,area_code_415,False,False,0,209.9,105,121.9,105,253.7,104,9.6,4,1,False
UT,86,area_code_510,True,True,41,225.5,95,229.3,101,134.0,82,11.6,10,2,False
ME,115,area_code_408,False,False,0,200.2,115,268.8,109,185.4,102,12.8,2,3,False
CT,199,area_code_415,False,True,34,230.6,121,219.4,99,299.3,94,8.0,2,0,False
RI,123,area_code_415,False,True,27,218.7,79,163.4,78,173.8,116,15.0,1,0,False
WY,25,area_code_408,False,False,0,199.2,80,123.2,84,82.3,77,9.6,4,2,False
TX,123,area_code_408,False,True,41,141.3,127,152.0,96,218.8,114,8.1,3,3,False
SD,91,area_code_415,False,False,0,153.0,123,141.1,127,171.5,76,10.3,15,1,True
ID,103,area_code_415,False,False,0,174.7,151,148.0,56,168.2,109,15.8,3,6,True
DC,108,area_code_510,True,True,36,153.8,105,246.2,62,150.9,125,11.1,4,1,False
OR,135,area_code_415,False,False,0,194.8,97,235.3,118,174.4,126,11.0,3,1,False
AR,122,area_code_415,True,False,0,146.3,117,218.7,93,236.0,97,11.5,5,1,False
ID,95,area_code_408,False,False,0,133.0,94,196.6,126,181.0,128,9.9,3,4,True
MD,83,area_code_408,False,True,38,107.9,90,140.4,94,253.6,79,10.5,2,0,False
NY,126,area_code_415,True,False,0,239.7,87,281.7,92,183.5,113,11.4,1,1,True
AZ,94,area_code_415,False,False,0,195.1,105,272.4,100,142.7,102,11.5,16,1,False
TN,89,area_code_415,False,False,0,208.4,112,189.5,116,264.4,101,16.8,1,0,True
DC,148,area_code_415,False,True,38,209.2,110,116.6,73,109.6,105,16.5,4,2,False
NH,98,area_code_415,False,False,0,243.4,88,147.1,155,156.4,80,9.7,4,2,False
MN,51,area_code_510,False,False,0,259.9,114,176.2,94,77.2,112,15.3,1,1,False
MN,150,area_code_415,False,False,0,146.3,133,202.7,95,234.7,103,13.1,3,1,False
HI,135,area_code_415,False,False,0,190.9,44,161.4,109,231.9,100,8.4,2,1,False
FL,39,area_code_510,False,False,0,121.6,99,267.6,99,99.7,88,7.1,2,1,False
VA,90,area_code_415,False,False,0,102.0,118,113.3,134,188.6,105,11.4,3,2,False
KY,60,area_code_408,False,False,0,135.4,134,205.9,85,204.0,103,7.9,4,1,False
AZ,140,area_code_408,False,False,0,173.2,91,196.8,106,209.3,128,11.2,5,3,False
ID,164,area_code_408,True,True,28,156.1,98,209.9,140,190.0,69,11.4,4,0,False
TN,95,area_code_510,False,False,0,174.0,57,281.1,118,197.2,94,9.7,2,0,False
WA,51,area_code_408,False,False,0,232.4,109,187.4,95,231.2,107,9.1,3,1,False
AK,48,area_code_415,False,True,37,211.7,115,159.9,84,144.1,80,12.2,1,1,False
MI,82,area_code_415,False,False,0,164.1,84,317.7,109,241.5,87,13.3,4,1,False
CO,181,area_code_510,False,True,40,105.2,61,341.3,79,165.7,97,6.3,3,2,False
VA,68,area_code_415,False,True,41,226.0,113,149.8,115,184.9,88,11.5,2,2,False
DE,112,area_code_408,False,False,0,101.1,119,214.4,67,179.5,112,10.3,5,2,False
AL,82,area_code_415,False,False,0,273.8,99,123.8,110,147.7,61,6.9,4,2,False
ME,165,area_code_408,False,False,0,150.5,75,193.1,93,311.6,93,10.3,2,1,False
AR,93,area_code_415,False,False,0,131.9,91,203.8,92,205.6,121,6.8,3,1,False
NY,209,area_code_415,False,False,0,153.7,105,188.6,87,200.8,95,10.7,2,0,False
IA,98,area_code_415,False,False,0,216.8,86,190.8,114,187.5,79,11.0,9,0,False
MA,13,area_code_408,False,False,0,220.4,100,211.2,79,259.3,112,13.6,8,2,False
NE,149,area_code_415,False,False,0,156.0,56,56.0,116,163.3,104,8.9,8,0,False
ME,36,area_code_510,True,True,42,196.8,89,254.9,122,138.3,126,20.0,6,0,True
NC,103,area_code_510,False,False,0,166.6,84,192.4,91,167.9,115,7.7,6,1,False
CT,105,area_code_408,False,False,0,213.4,100,204.9,52,179.7,93,9.5,6,1,False
NC,73,area_code_415,False,True,31,194.4,104,176.0,84,230.1,110,11.5,3,0,False
NM,30,area_code_415,False,False,0,169.9,144,225.2,118,169.7,93,11.4,7,1,False
MI,36,area_code_510,False,True,29,281.4,102,202.2,76,187.2,113,9.0,6,2,False
UT,96,area_code_415,False,False,0,160.2,117,267.5,67,228.5,68,9.3,5,2,False
MI,73,area_code_408,False,True,19,179.4,108,93.6,90,234.6,99,14.9,4,2,False
MD,172,area_code_408,False,False,0,287.1,108,178.4,125,153.2,98,14.4,2,3,True
KY,55,area_code_415,False,True,37,197.5,89,228.7,141,313.4,121,19.7,2,1,False
WY,3,area_code_415,False,True,23,205.5,102,209.5,83,182.3,99,6.4,4,0,False
VT,182,area_code_415,False,False,0,160.3,87,229.9,101,185.3,96,8.7,11,2,False
AZ,130,area_code_415,False,False,0,183.0,112,72.9,99,181.8,78,9.5,19,0,False
OK,96,area_code_415,False,False,0,260.4,115,146.0,46,269.5,87,11.5,4,5,False
GA,133,area_code_510,False,False,0,227.4,90,73.2,135,114.3,99,4.7,7,0,False
OK,52,area_code_510,False,True,38,169.3,88,225.9,97,172.0,86,8.2,3,0,False
MS,45,area_code_415,False,True,18,168.0,127,155.5,76,152.7,127,11.8,5,0,False
ND,140,area_code_510,False,False,0,244.7,115,258.6,101,231.3,112,7.5,6,1,True
AK,112,area_code_510,False,False,0,85.2,102,153.2,118,142.6,107,8.2,4,1,False
KS,74,area_code_415,False,True,32,174.6,107,310.6,115,234.7,92,9.0,4,1,False
AR,79,area_code_408,False,False,0,152.2,112,177.2,132,96.4,87,5.3,3,1,False
WI,162,area_code_408,False,False,0,177.1,131,114.7,122,153.6,88,6.5,6,3,False
NJ,77,area_code_415,True,False,0,323.7,106,139.2,99,204.4,89,8.5,3,6,True
NM,232,area_code_408,False,False,0,165.6,104,195.9,115,118.3,77,11.8,3,1,False
NE,100,area_code_415,False,False,0,220.3,106,126.1,124,242.0,67,10.2,1,3,False
KY,119,area_code_510,False,False,0,222.8,122,163.2,107,160.6,112,11.2,6,1,False
NH,115,area_code_510,False,False,0,109.7,148,223.8,87,240.3,96,15.4,8,3,False
WY,53,area_code_415,False,True,27,25.9,119,206.5,96,228.1,64,6.5,7,1,False
IN,141,area_code_415,False,True,39,116.9,127,276.5,88,289.9,125,12.3,2,0,False
SC,100,area_code_408,False,True,41,306.9,71,243.3,72,125.9,114,10.5,4,2,False
MA,80,area_code_408,False,True,36,190.3,115,256.6,78,214.9,145,3.8,4,1,False
WI,104,area_code_510,False,True,15,124.7,99,188.3,108,208.6,95,8.0,3,0,False
MO,87,area_code_408,False,False,0,129.5,104,194.0,133,287.9,65,7.2,7,2,False
RI,137,area_code_408,True,False,0,159.1,80,239.8,81,249.0,96,8.5,5,0,False
ID,60,area_code_510,False,False,0,221.1,106,178.6,48,202.7,90,7.4,3,1,False
ME,174,area_code_415,False,False,0,190.3,98,252.7,70,220.6,97,7.2,9,2,False
AZ,97,area_code_415,False,False,0,100.8,74,233.8,88,208.7,79,12.6,3,2,False
KS,123,area_code_415,False,False,0,163.1,119,249.4,51,168.2,77,9.0,10,1,False
LA,162,area_code_510,False,True,33,184.5,139,183.2,78,127.4,106,12.3,6,0,False
NC,126,area_code_415,False,False,0,228.2,68,170.2,102,168.9,72,10.2,6,1,False
ME,79,area_code_510,True,False,0,300.4,113,210.8,93,173.4,121,11.9,3,2,True
NH,146,area_code_510,False,False,0,115.6,77,213.6,100,218.4,72,10.7,6,1,False
WV,80,area_code_415,False,False,0,151.5,89,131.7,78,235.3,131,11.8,4,0,False
NE,77,area_code_415,False,False,0,169.4,102,184.9,144,234.3,89,2.0,7,1,False
MS,126,area_code_415,False,False,0,228.7,102,168.7,99,223.5,100,11.8,4,1,False
MT,169,area_code_415,False,False,0,100.8,112,230.0,69,193.6,95,9.5,2,0,False
NY,142,area_code_415,False,False,0,145.4,93,209.1,98,214.0,96,10.9,1,1,False
WV,48,area_code_408,False,False,0,275.2,67,180.2,108,159.0,110,7.9,2,1,False
SD,52,area_code_408,False,False,0,165.8,94,192.8,135,247.8,64,12.4,7,3,False
AZ,63,area_code_415,False,False,0,58.9,125,169.6,59,211.4,88,9.4,3,1,False
AR,36,area_code_415,False,False,0,157.6,117,184.3,58,240.4,99,11.9,1,0,False
NV,64,area_code_415,False,False,0,97.2,80,186.2,90,189.0,92,10.4,6,2,False
CT,37,area_code_408,False,False,0,134.9,98,248.4,130,236.2,113,14.7,2,3,False
MN,80,area_code_415,False,False,0,105.8,110,43.9,88,189.6,87,13.1,5,0,False
NH,55,area_code_408,False,True,20,189.3,95,118.6,113,250.2,102,12.5,4,2,False
LA,123,area_code_415,False,True,33,146.6,87,114.8,59,220.4,99,2.9,7,0,False
NV,7,area_code_408,False,True,30,221.4,114,165.8,116,247.0,105,10.8,12,1,False
VA,182,area_code_415,False,False,0,176.1,90,174.9,106,234.7,134,9.7,4,1,False
NC,210,area_code_415,False,True,31,313.8,87,147.7,103,192.7,97,10.1,7,3,False
NV,96,area_code_408,False,False,0,197.7,68,250.5,53,181.2,67,10.5,3,3,False
NV,130,area_code_510,False,False,0,154.2,119,110.2,98,227.4,117,9.2,5,2,False
AL,89,area_code_510,False,False,0,129.2,71,214.1,68,214.9,100,10.3,4,5,True
KY,155,area_code_510,True,True,38,234.6,84,214.9,119,196.7,69,8.0,2,1,True
OH,29,area_code_415,True,True,37,235.0,101,183.3,79,139.8,106,5.7,7,2,False
AL,167,area_code_510,False,False,0,207.6,88,132.4,63,255.2,98,14.1,5,0,False
WV,193,area_code_415,False,False,0,180.5,114,117.9,80,192.9,97,10.2,4,2,False
RI,107,area_code_415,False,True,37,60.0,102,102.2,80,261.8,106,11.1,3,0,False
UT,4,area_code_510,True,False,0,145.3,89,303.8,93,206.1,82,8.9,4,0,False
NC,127,area_code_510,False,False,0,134.9,79,221.5,114,113.8,118,15.0,2,1,False
RI,42,area_code_408,False,False,0,191.9,139,304.2,91,179.5,91,11.7,4,0,False
NV,77,area_code_415,False,False,0,239.2,114,150.0,115,160.8,81,10.3,2,5,False
DC,73,area_code_408,False,False,0,122.0,92,138.3,114,224.2,128,5.8,5,1,False
RI,65,area_code_415,False,False,0,111.0,51,219.8,84,202.0,89,4.4,14,1,False
AK,121,area_code_415,False,False,0,180.0,116,196.4,112,280.3,95,10.1,5,2,False
NJ,135,area_code_415,False,False,0,191.7,125,284.2,100,211.7,87,12.5,2,0,False
MN,113,area_code_408,False,False,0,158.9,137,242.8,109,247.8,97,6.5,4,0,False
PA,120,area_code_408,False,False,0,215.7,75,244.4,105,211.2,91,11.4,5,2,False
CA,135,area_code_408,False,False,0,167.1,105,131.6,120,242.6,83,10.4,2,3,False
FL,109,area_code_408,False,False,0,217.0,115,207.0,142,268.0,106,8.2,4,1,False
MO,168,area_code_415,False,True,42,97.4,57,203.6,98,173.9,124,11.4,2,2,False
AK,71,area_code_510,False,False,0,185.0,84,232.5,129,191.1,82,14.9,4,3,False
VT,103,area_code_510,False,False,0,246.5,47,195.5,84,200.5,96,11.7,4,1,False
WV,137,area_code_415,False,False,0,84.3,98,259.5,115,197.5,115,10.3,2,2,False
WY,78,area_code_415,False,False,0,147.1,80,199.7,100,160.7,106,13.7,7,0,False
IA,81,area_code_510,False,False,0,261.4,141,215.7,102,271.8,96,8.0,6,1,True
IL,151,area_code_408,False,False,0,134.5,88,143.1,112,223.9,61,15.4,1,1,False
MS,103,area_code_415,False,False,0,129.3,103,202.8,89,233.0,126,12.9,2,2,False
IN,116,area_code_415,False,False,0,271.0,114,209.9,71,193.5,109,13.7,2,5,True
IA,121,area_code_415,False,False,0,273.8,96,263.1,106,201.5,83,10.8,3,1,True
WV,117,area_code_510,True,False,0,198.4,121,249.5,104,162.8,115,10.5,5,1,False
ID,57,area_code_415,False,False,0,217.1,115,258.6,92,173.7,117,12.6,6,2,False
FL,31,area_code_510,False,False,0,165.4,84,203.7,107,201.7,65,8.2,1,1,False
HI,146,area_code_510,False,False,0,189.3,77,155.9,128,186.0,83,7.4,3,0,False
MS,120,area_code_408,False,False,0,212.1,131,209.4,104,167.2,96,5.3,5,1,True
HI,71,area_code_415,False,False,0,119.9,108,240.7,82,151.1,124,8.1,7,3,False
OR,69,area_code_408,False,False,0,196.1,87,236.8,66,182.3,75,11.9,1,0,False
LA,13,area_code_415,False,False,0,58.4,121,262.2,64,159.0,115,11.9,5,1,False
KY,131,area_code_408,False,True,29,239.7,102,212.8,109,187.7,77,10.5,2,1,False
ME,113,area_code_408,False,False,0,203.4,85,219.8,140,240.0,107,8.3,5,1,False
MA,130,area_code_408,False,False,0,162.0,62,278.1,108,197.5,82,9.1,4,1,False
AL,51,area_code_415,False,False,0,41.2,106,210.6,82,220.1,115,12.4,3,0,False
MI,133,area_code_415,False,False,0,165.9,98,161.9,110,208.9,120,11.2,11,2,False
UT,91,area_code_510,False,False,0,123.8,107,319.0,125,237.6,78,7.3,4,2,False
NC,125,area_code_408,False,False,0,212.3,89,215.4,127,186.8,73,11.3,2,2,False
IN,130,area_code_408,False,True,30,185.0,117,249.5,141,157.8,103,7.4,7,0,False
MD,71,area_code_415,False,True,31,115.4,90,217.4,78,239.9,102,13.1,4,1,False
MS,101,area_code_408,False,False,0,239.0,156,273.0,106,278.2,93,13.5,8,1,True
AZ,69,area_code_415,False,True,31,194.9,63,191.6,90,153.0,129,13.2,2,2,False
OK,88,area_code_408,False,False,0,65.4,97,168.2,76,236.0,113,13.8,1,2,False
IL,134,area_code_408,False,False,0,205.5,87,208.9,67,182.3,69,5.2,3,2,False
ME,105,area_code_510,False,False,0,212.0,113,226.6,128,193.6,114,8.9,7,3,False
MS,68,area_code_415,False,True,34,160.0,72,184.5,119,208.3,101,6.1,10,1,False
MS,76,area_code_408,False,False,0,193.0,82,200.8,109,135.9,79,14.4,3,0,False
NE,85,area_code_415,False,False,0,259.8,85,242.3,117,168.8,72,5.4,1,0,False
OK,103,area_code_510,False,False,0,267.0,97,204.3,151,246.9,67,11.3,7,1,True
WV,50,area_code_408,False,False,0,131.1,129,160.5,94,206.9,88,5.6,9,5,True
ID,109,area_code_415,False,False,0,195.4,104,204.9,91,230.2,95,14.0,4,0,False
IN,195,area_code_415,False,False,0,221.6,109,126.2,94,212.2,98,6.4,2,0,False
MI,82,area_code_415,False,False,0,135.4,102,237.1,122,118.3,91,17.5,4,0,False
MT,94,area_code_510,False,False,0,163.5,136,143.7,111,253.4,82,12.6,5,1,False
OH,123,area_code_510,False,False,0,222.4,90,286.3,104,300.8,95,9.9,3,2,True
AZ,63,area_code_415,False,True,19,163.0,75,238.4,103,171.8,100,11.3,3,3,False
SD,125,area_code_510,False,True,34,268.4,112,222.2,108,117.6,102,10.3,3,0,False
SC,103,area_code_415,False,True,30,254.1,75,200.4,116,185.9,109,6.6,2,2,False
IN,86,area_code_415,False,False,0,166.2,112,255.3,81,228.1,97,5.4,7,1,False
DE,139,area_code_408,False,False,0,139.0,110,132.9,93,272.0,120,12.1,1,0,False
IL,109,area_code_510,False,False,0,117.8,64,216.2,84,148.4,59,10.9,5,1,False
IN,119,area_code_510,False,False,0,154.5,129,193.6,87,180.9,145,13.4,3,2,False
WV,64,area_code_415,False,True,22,200.4,80,131.1,84,230.7,67,7.6,5,1,False
MS,65,area_code_510,False,False,0,193.8,113,151.7,106,208.9,94,12.6,3,3,False
OH,56,area_code_408,False,False,0,91.1,90,179.3,115,300.7,89,11.9,8,2,False
FL,106,area_code_510,False,False,0,159.6,94,276.8,118,223.5,65,8.8,3,0,False
MN,113,area_code_408,True,False,0,125.2,93,206.4,119,129.3,139,8.3,8,0,False
SD,125,area_code_415,False,False,0,163.8,73,255.6,85,192.9,95,15.7,4,0,False
NC,63,area_code_415,False,True,29,142.3,107,118.7,56,240.1,91,6.6,8,1,False
DC,123,area_code_415,False,False,0,211.0,92,217.0,102,214.8,104,9.8,7,3,False
NJ,113,area_code_415,False,False,0,186.0,55,237.4,105,148.1,83,12.2,6,1,False
MO,178,area_code_408,False,True,32,148.7,95,198.6,55,187.0,113,10.4,7,6,True
MS,190,area_code_415,True,False,0,111.9,55,223.0,124,243.2,81,10.0,7,3,False
NM,138,area_code_408,False,False,0,63.7,114,212.2,132,247.6,114,8.8,4,0,False
NC,115,area_code_415,False,True,26,132.3,142,273.4,89,195.7,77,14.8,7,0,False
NM,77,area_code_408,True,False,0,192.7,82,198.0,91,204.2,95,9.0,6,1,False
WI,16,area_code_510,False,False,0,229.6,78,205.7,108,166.2,91,10.8,2,0,True
DC,96,area_code_415,False,False,0,217.8,120,139.6,109,227.7,111,11.6,3,0,False
DE,12,area_code_415,False,False,0,206.1,105,246.6,104,254.6,83,12.1,7,2,False
OR,163,area_code_408,False,True,25,219.6,99,210.4,99,242.7,88,13.8,8,2,False
KS,130,area_code_510,False,False,0,154.0,95,205.9,106,233.7,75,12.9,1,1,False
IL,52,area_code_510,False,False,0,207.1,86,162.0,98,243.0,102,6.0,1,1,False
ME,113,area_code_415,False,False,0,215.5,129,218.7,117,207.1,91,6.6,9,4,False
NJ,139,area_code_415,False,True,43,231.0,85,222.3,82,148.0,105,8.3,5,2,False
CA,75,area_code_415,False,True,19,210.3,90,241.8,87,215.7,102,13.1,3,4,False
VA,86,area_code_415,False,True,30,99.9,84,263.5,125,254.7,90,9.8,7,2,False
NE,95,area_code_510,False,False,0,58.2,96,202.1,126,210.5,97,10.4,5,0,False
UT,80,area_code_415,False,False,0,195.1,65,214.0,80,124.4,96,9.2,6,2,False
DE,90,area_code_415,False,False,0,198.5,124,266.6,100,243.3,80,8.0,7,2,False
NC,80,area_code_408,False,False,0,196.0,75,237.8,112,220.1,127,13.9,5,1,False
HI,158,area_code_510,False,False,0,193.3,121,208.1,97,228.1,99,7.1,9,1,False
WA,130,area_code_510,False,False,0,124.3,70,270.7,99,239.5,83,3.5,6,0,False
AK,74,area_code_415,False,False,0,262.3,114,198.9,96,165.9,90,6.6,5,3,False
MA,96,area_code_415,False,False,0,173.9,111,287.4,105,204.8,91,9.1,7,1,False
UT,243,area_code_510,False,False,0,95.5,92,163.7,63,264.2,118,6.6,6,2,False
NM,104,area_code_415,False,False,0,164.2,109,155.4,90,168.9,117,10.7,8,1,False
UT,83,area_code_510,False,False,0,208.9,71,214.8,92,247.9,108,13.0,5,1,False
TN,108,area_code_408,False,True,15,165.1,85,267.0,93,250.7,114,10.9,4,1,False
ID,92,area_code_415,True,False,0,173.1,140,240.3,105,233.2,117,9.0,5,1,False
ND,68,area_code_408,False,True,22,82.5,97,289.9,94,180.0,114,4.8,4,3,False
CT,77,area_code_415,False,False,0,221.8,84,166.0,125,210.2,72,13.2,4,1,False
SC,152,area_code_408,False,False,0,140.5,92,186.8,96,227.0,89,9.5,5,2,False
AZ,113,area_code_510,False,False,0,128.7,100,227.1,67,178.1,135,9.2,4,2,True
MS,144,area_code_415,False,True,26,177.1,94,206.0,85,254.8,95,6.6,2,2,False
AL,61,area_code_415,False,True,20,254.4,133,161.7,96,251.4,91,10.5,4,0,False
MD,166,area_code_415,False,False,0,136.1,116,181.4,93,131.4,108,11.3,4,0,False
SD,148,area_code_408,False,False,0,185.2,87,170.4,96,165.1,104,9.5,13,1,False
HI,73,area_code_408,False,False,0,187.3,118,239.7,90,167.5,108,15.1,2,1,False
DC,149,area_code_415,False,True,25,185.6,109,167.3,89,171.6,100,10.7,3,1,True
DE,105,area_code_415,True,False,0,150.0,106,293.8,123,250.7,65,10.3,7,3,False
CO,108,area_code_415,False,False,0,215.6,78,195.3,119,194.4,65,3.6,5,1,False
NY,70,area_code_415,False,False,0,177.4,125,226.2,104,254.1,72,10.9,4,0,False
TN,93,area_code_415,False,True,21,213.8,103,257.7,72,218.4,114,7.2,6,1,False
PA,142,area_code_408,False,False,0,128.5,95,192.6,91,79.0,95,9.2,6,2,False
GA,90,area_code_415,False,False,0,68.8,124,168.1,106,281.7,96,9.8,5,1,False
NV,162,area_code_415,False,False,0,115.1,89,196.8,111,212.4,98,11.4,3,2,False
MN,68,area_code_510,False,False,0,226.7,94,168.4,129,188.7,117,10.2,1,0,False
NY,54,area_code_415,False,False,0,286.6,73,223.2,108,203.7,107,11.5,5,1,True
MS,137,area_code_510,False,False,0,147.2,119,192.8,91,172.7,105,10.2,4,1,False
MT,73,area_code_408,False,True,26,131.2,98,106.5,97,221.7,96,10.2,6,2,False
MA,95,area_code_415,False,False,0,186.4,85,173.4,100,294.7,73,9.1,5,1,False
VT,128,area_code_510,False,True,29,179.3,104,225.9,86,323.0,78,8.6,7,0,False
MD,189,area_code_415,False,True,30,155.2,116,195.5,50,170.1,108,15.4,6,1,False
IA,98,area_code_510,False,True,21,161.2,114,252.2,83,160.2,92,4.4,8,4,False
NJ,42,area_code_408,False,False,0,269.9,99,37.8,76,166.6,139,13.8,1,1,False
IA,129,area_code_415,False,False,0,216.0,85,186.9,114,210.7,109,4.9,10,2,False
PA,174,area_code_415,False,True,15,221.8,143,210.6,115,221.8,109,12.4,9,1,False
OH,146,area_code_408,False,True,31,202.5,91,241.4,108,169.6,77,7.8,2,1,False
IN,166,area_code_510,False,False,0,204.2,115,179.9,152,216.8,109,9.5,5,1,False
MI,108,area_code_408,False,True,32,209.5,108,109.6,64,189.7,145,9.1,6,6,True
MO,76,area_code_510,False,False,0,129.7,84,177.5,80,228.9,87,7.5,3,5,True
WV,84,area_code_408,False,False,0,146.8,133,171.7,73,234.5,69,9.9,3,1,False
MS,70,area_code_408,False,False,0,148.4,110,267.1,90,151.5,101,8.9,4,0,False
WI,166,area_code_510,False,False,0,173.9,103,276.4,83,190.8,113,15.3,5,0,False
UT,95,area_code_415,False,False,0,155.5,99,167.0,75,190.7,125,13.2,4,1,False
NV,60,area_code_415,False,False,0,197.0,130,219.2,105,102.8,113,12.6,4,1,False
KY,21,area_code_415,False,False,0,92.6,95,161.9,70,285.0,78,11.3,3,5,True
IA,36,area_code_510,False,False,0,117.1,94,235.4,117,221.3,108,9.0,2,0,False
NC,118,area_code_510,False,True,31,226.6,99,164.9,136,189.3,120,10.2,5,3,False
MN,62,area_code_510,False,True,33,186.4,84,201.0,136,286.7,103,11.1,3,2,True
ME,79,area_code_415,False,False,0,213.6,110,234.9,121,229.6,157,8.8,3,2,False
LA,149,area_code_415,False,True,20,198.9,77,274.0,88,190.7,76,14.3,9,1,False
OR,135,area_code_415,False,False,0,263.8,66,251.3,116,200.1,112,8.4,2,5,True
IL,124,area_code_510,False,False,0,133.2,80,144.2,98,261.0,102,12.0,3,3,True
NY,81,area_code_408,False,True,36,164.8,106,210.2,138,173.6,78,4.3,2,2,False
OR,53,area_code_415,False,False,0,184.8,98,216.4,125,141.1,116,18.4,3,2,False
UT,97,area_code_415,False,False,0,209.2,134,0.0,0,175.4,94,11.8,6,1,False
NH,110,area_code_408,False,False,0,162.0,81,247.5,89,155.5,99,8.9,8,0,False
HI,101,area_code_510,False,False,0,93.8,127,150.0,104,241.1,116,10.7,2,1,False
VA,34,area_code_415,False,False,0,210.4,75,205.1,108,230.5,129,12.5,2,1,False
WY,62,area_code_415,False,False,0,238.9,102,161.4,115,248.5,103,13.4,4,0,False
NM,80,area_code_510,False,False,0,206.3,97,154.9,98,263.6,82,12.4,12,0,False
WA,47,area_code_415,False,True,27,165.0,89,127.3,118,284.4,95,7.7,4,2,False
MT,108,area_code_415,False,False,0,108.6,128,325.2,97,173.6,67,9.3,6,0,False
ME,127,area_code_510,False,False,0,223.2,137,144.7,119,96.0,109,8.6,4,2,False
MO,174,area_code_510,False,False,0,235.5,108,142.3,143,316.7,131,12.5,5,0,False
WY,96,area_code_408,False,False,0,144.0,102,224.7,73,227.7,91,10.0,7,1,False
SD,166,area_code_510,False,True,32,148.4,86,170.6,119,201.5,124,11.3,12,1,False
ID,144,area_code_415,False,True,33,251.6,87,197.6,118,209.2,97,12.2,3,2,False
MN,72,area_code_408,False,True,31,221.4,124,313.4,96,175.9,94,11.8,1,3,False
MT,10,area_code_510,False,False,0,183.0,103,214.8,77,206.4,73,8.7,6,2,False
WV,64,area_code_415,False,False,0,160.6,110,171.9,97,105.2,56,7.3,2,0,True
NE,159,area_code_415,False,False,0,189.1,105,246.1,147,242.0,106,10.4,5,1,True
NV,115,area_code_415,False,False,0,184.1,98,327.0,73,212.5,106,7.5,6,2,False
MS,45,area_code_415,False,False,0,142.7,80,205.4,135,228.1,87,12.0,11,2,False
KS,84,area_code_415,False,False,0,225.9,86,275.6,105,201.4,108,14.3,3,3,True
DE,79,area_code_415,False,False,0,66.7,124,204.0,91,254.7,110,15.1,2,1,False
NM,29,area_code_415,False,False,0,262.0,112,82.7,60,195.1,120,10.7,5,1,False
CT,48,area_code_415,False,False,0,171.9,98,159.0,127,139.5,101,7.6,3,2,False
KS,39,area_code_408,False,False,0,181.2,71,344.9,108,213.6,145,12.1,2,3,False
CO,53,area_code_510,False,True,24,201.7,87,251.7,97,297.4,95,7.9,5,0,False
CT,38,area_code_510,False,False,0,96.9,110,241.4,75,141.0,69,10.8,3,0,False
ND,94,area_code_408,False,False,0,174.0,85,241.1,114,207.8,94,7.9,1,1,False
NH,124,area_code_415,False,False,0,254.3,113,78.9,104,153.2,69,11.8,2,2,False
MA,46,area_code_408,False,False,0,139.4,81,223.7,113,173.1,77,13.6,6,1,False
MO,45,area_code_510,False,True,29,135.8,104,222.5,101,235.6,92,7.9,6,2,False
WV,79,area_code_415,False,False,0,222.3,99,146.2,82,275.6,82,8.9,4,3,False
MD,98,area_code_415,False,False,0,206.5,92,176.2,152,232.8,115,12.4,5,5,False
MI,96,area_code_415,False,False,0,166.5,101,78.3,108,221.9,112,11.5,10,3,False
WI,100,area_code_510,False,True,38,224.7,121,294.0,131,290.0,61,9.8,6,0,False
IN,64,area_code_408,False,False,0,113.8,97,192.3,97,214.9,89,10.4,1,3,False
WV,144,area_code_415,False,False,0,201.1,99,303.5,74,224.0,119,13.2,2,1,False
WY,78,area_code_408,False,False,0,220.0,95,179.9,121,188.2,109,11.5,5,0,False
DE,52,area_code_415,False,False,0,257.9,80,220.7,82,225.4,70,16.8,3,2,True
KY,76,area_code_510,False,False,0,293.8,94,169.6,62,160.4,103,13.7,9,0,True
KS,103,area_code_408,True,False,0,62.8,124,170.4,66,280.2,78,9.4,4,3,False
WY,91,area_code_415,False,False,0,34.5,85,192.3,80,256.3,71,7.9,7,0,False
VT,120,area_code_415,False,False,0,149.2,98,193.6,88,248.9,119,11.1,5,1,False
MT,63,area_code_415,False,True,33,184.2,111,312.6,89,264.0,55,12.2,4,1,False
NE,31,area_code_415,False,False,0,97.5,129,260.4,78,88.7,100,7.0,5,1,False
WA,110,area_code_510,False,False,0,185.1,100,165.1,88,111.6,104,6.3,4,3,False
RI,79,area_code_415,False,True,30,148.0,96,149.6,128,220.3,99,9.7,5,3,False
WA,86,area_code_510,False,False,0,150.5,92,120.3,95,271.2,96,9.0,2,1,False
KS,126,area_code_408,False,False,0,321.3,99,167.9,93,193.6,106,8.0,4,1,True
MD,116,area_code_408,False,False,0,254.6,107,249.4,89,229.6,77,9.0,18,2,True
NH,201,area_code_510,False,False,0,159.9,61,237.3,124,290.2,99,13.4,4,3,False
MD,45,area_code_415,False,False,0,78.2,127,253.4,108,255.0,100,18.0,3,1,False
OK,100,area_code_415,False,False,0,203.1,96,217.0,126,180.9,122,13.5,2,3,False
AL,100,area_code_415,False,True,26,197.7,80,232.6,83,196.7,120,12.0,5,1,False
MI,225,area_code_415,False,False,0,165.4,106,273.7,109,210.0,93,8.7,3,0,True
HI,79,area_code_415,False,False,0,41.9,124,211.0,95,237.9,55,11.4,5,1,False
HI,166,area_code_408,False,False,0,181.4,108,253.8,54,112.3,94,11.6,6,1,False
NJ,136,area_code_408,False,True,27,187.7,84,221.0,147,145.7,110,10.0,4,3,False
NY,68,area_code_415,False,True,29,239.5,82,203.8,105,167.8,70,9.9,6,0,False
NV,95,area_code_415,False,True,35,238.3,86,258.1,132,194.9,72,13.1,4,5,False
NH,121,area_code_510,False,True,35,193.8,62,197.6,97,218.8,95,5.9,4,0,False
WY,88,area_code_415,False,False,0,138.7,92,205.8,73,247.9,119,9.8,5,1,False
VT,137,area_code_510,False,False,0,97.5,95,195.8,82,288.8,78,0.0,0,1,False
GA,58,area_code_408,False,False,0,165.4,100,115.7,87,193.8,118,12.8,5,2,False
ID,43,area_code_415,False,False,0,253.6,110,253.3,92,161.3,103,10.2,3,3,True
FL,120,area_code_415,False,False,0,180.0,80,224.2,82,265.4,91,4.7,7,3,False
WI,122,area_code_510,False,True,28,166.0,62,233.9,88,170.1,84,7.7,3,2,False
NM,99,area_code_415,False,False,0,216.8,123,126.4,88,220.6,82,15.7,2,1,False
GA,18,area_code_408,False,False,0,197.0,97,203.7,107,202.0,105,8.7,3,3,False
CT,116,area_code_415,False,False,0,245.9,73,240.1,87,158.7,89,8.9,5,3,False
NJ,64,area_code_415,False,False,0,224.8,111,190.0,101,221.4,110,9.2,2,1,False
TX,110,area_code_415,False,True,30,144.1,87,229.8,88,174.7,90,12.4,4,2,False
DE,117,area_code_415,False,False,0,168.8,137,241.4,107,204.8,106,15.5,4,0,False
MO,140,area_code_510,False,False,0,201.9,114,181.7,97,184.5,122,12.1,10,0,False
NY,102,area_code_408,False,True,48,134.0,83,234.3,128,197.3,107,7.8,4,6,True
RI,60,area_code_408,False,False,0,194.2,107,174.0,107,89.3,83,11.2,2,2,False
MI,135,area_code_415,False,False,0,239.9,91,177.1,104,217.2,118,5.9,3,2,False
NH,131,area_code_510,False,False,0,103.5,105,174.1,103,248.2,95,11.7,2,5,True
VA,80,area_code_415,False,False,0,197.5,114,206.9,119,163.6,109,11.3,4,1,False
OH,66,area_code_415,False,False,0,170.5,103,254.3,77,197.3,138,10.5,2,2,False
MT,143,area_code_415,False,False,0,172.3,97,174.0,108,188.2,119,13.0,4,2,False
OH,124,area_code_510,False,False,0,193.0,97,89.8,99,172.8,104,15.3,3,1,False
NC,85,area_code_510,False,False,0,183.4,111,168.8,98,199.7,97,9.9,4,4,False
DE,115,area_code_415,False,False,0,195.9,111,227.0,108,313.2,113,13.2,1,2,False
NV,110,area_code_510,False,False,0,129.5,94,92.6,96,154.3,110,9.9,5,3,False
AL,74,area_code_415,False,False,0,207.1,79,182.0,100,233.7,73,7.4,8,1,False
MD,107,area_code_415,False,False,0,241.9,102,126.9,117,185.6,92,11.7,6,0,False
MA,35,area_code_415,False,False,0,105.6,129,258.2,129,213.1,77,8.7,3,0,False
DC,157,area_code_510,False,True,29,219.2,102,206.0,109,192.4,117,15.0,5,1,False
SD,104,area_code_510,False,False,0,234.2,128,293.1,92,183.9,79,9.8,6,0,True
AZ,94,area_code_408,False,False,0,181.8,85,202.4,98,245.9,97,9.2,2,4,False
WV,48,area_code_408,False,False,0,237.5,117,211.1,114,163.9,114,9.7,3,1,False
SD,27,area_code_408,False,False,0,236.7,110,231.9,92,164.7,85,12.7,6,1,False
CT,133,area_code_408,False,False,0,240.8,72,202.7,62,212.9,76,7.7,5,1,False
OR,92,area_code_415,False,False,0,196.5,82,190.0,89,163.2,99,10.8,2,2,False
DC,59,area_code_415,False,True,26,205.4,68,115.0,115,214.7,130,9.4,2,5,False
NE,136,area_code_415,False,False,0,121.5,80,220.1,97,179.5,94,10.4,5,1,False
NM,107,area_code_415,False,False,0,222.3,101,286.0,111,249.4,117,12.1,4,1,True
IL,108,area_code_510,True,False,0,137.3,68,143.8,94,238.7,101,8.9,1,1,True
IA,113,area_code_510,False,False,0,156.0,141,256.8,72,175.3,123,11.9,5,2,False
OH,114,area_code_415,False,False,0,187.8,109,154.6,97,213.9,102,10.1,3,2,False
DC,108,area_code_510,False,False,0,138.6,122,172.3,117,231.6,92,9.8,3,1,False
NH,82,area_code_408,False,False,0,156.0,94,295.6,118,196.9,84,14.3,3,0,False
NH,78,area_code_408,False,False,0,162.3,116,192.4,86,240.6,100,10.1,3,2,False
MA,66,area_code_408,False,False,0,128.2,109,274.5,112,211.0,90,8.1,4,0,False
LA,79,area_code_408,False,False,0,174.8,88,197.0,94,87.0,103,8.6,6,3,False
IL,107,area_code_415,False,True,14,114.3,132,199.8,91,194.7,74,7.5,8,1,False
ND,71,area_code_510,False,False,0,238.0,82,278.5,94,193.1,134,11.8,10,0,True
NV,105,area_code_415,True,True,29,220.7,82,217.7,110,190.5,100,13.2,6,1,True
NE,126,area_code_415,False,False,0,249.8,96,261.9,92,166.8,108,12.7,4,3,True
OK,86,area_code_510,True,False,0,162.4,131,167.0,102,128.9,118,11.4,2,2,True
MN,129,area_code_510,False,True,31,193.0,99,224.8,87,197.6,91,10.3,8,2,False
WI,48,area_code_510,False,False,0,176.9,110,274.3,114,115.3,125,11.0,2,1,False
OR,81,area_code_415,False,False,0,324.7,48,236.4,82,187.6,78,13.1,5,0,True
SD,56,area_code_415,False,False,0,79.3,115,159.0,64,245.7,99,10.1,4,1,False
MD,47,area_code_415,False,False,0,111.3,92,109.4,108,116.9,80,10.8,8,1,False
OR,165,area_code_415,False,True,33,111.6,140,213.3,111,267.6,115,16.0,3,0,False
OR,155,area_code_408,False,True,30,128.5,86,188.4,91,254.4,85,6.8,6,1,False
NV,92,area_code_415,False,True,44,152.0,95,274.9,73,162.4,121,10.0,1,2,False
MO,107,area_code_415,False,True,22,281.1,83,143.7,130,239.4,128,11.2,9,1,False
IN,68,area_code_415,False,False,0,222.1,107,199.4,102,162.4,107,9.4,3,2,False
MO,86,area_code_510,False,False,0,223.0,109,286.2,76,257.8,132,7.5,7,3,True
IA,79,area_code_415,False,True,17,167.9,114,243.7,93,211.9,114,9.1,2,1,False
UT,74,area_code_415,False,False,0,106.4,84,140.2,104,90.9,81,11.4,3,1,False
TN,98,area_code_415,False,False,0,190.5,106,164.2,92,110.8,88,11.4,5,2,False
FL,95,area_code_408,False,True,45,116.4,115,283.7,123,285.2,103,12.8,4,1,False
SD,88,area_code_408,False,False,0,142.2,107,262.4,84,139.2,99,10.1,5,1,False
SC,140,area_code_510,False,True,28,157.1,77,172.4,97,184.5,94,11.1,9,1,False
NC,52,area_code_408,True,False,0,144.5,60,296.5,129,194.3,117,12.4,3,1,False
CO,139,area_code_415,False,False,0,138.1,103,164.5,100,134.9,63,8.3,2,1,False
WY,28,area_code_415,False,False,0,187.8,94,248.6,86,208.8,124,10.6,5,0,False
WY,109,area_code_415,True,True,46,165.2,85,136.0,92,184.8,100,11.9,5,1,False
WI,102,area_code_408,False,False,0,200.6,106,152.5,127,199.4,128,7.7,2,3,False
LA,151,area_code_408,False,False,0,178.7,116,292.1,138,265.9,101,9.8,4,0,False
UT,93,area_code_415,False,False,0,174.1,127,176.8,73,240.0,111,10.7,3,0,False
FL,113,area_code_415,False,False,0,317.1,97,224.8,70,215.1,90,13.6,2,1,True
NJ,120,area_code_415,False,False,0,146.0,58,208.7,103,215.5,91,11.9,2,0,False
TX,119,area_code_510,False,False,0,107.2,100,221.1,100,212.6,96,8.3,3,2,False
NE,117,area_code_415,False,False,0,102.8,119,206.7,91,299.0,105,10.1,7,1,False
IA,105,area_code_510,False,True,15,88.1,125,175.9,142,269.9,85,9.7,1,2,False
AR,81,area_code_415,False,True,17,268.1,94,156.1,124,160.4,90,13.6,5,2,False
OR,60,area_code_510,False,False,0,203.7,95,212.6,122,177.1,103,7.9,1,3,False
AR,91,area_code_510,False,True,27,204.6,96,136.0,93,210.5,82,6.6,2,3,False
OK,50,area_code_408,False,False,0,198.7,114,141.5,90,293.0,79,10.5,5,4,False
UT,52,area_code_408,False,False,0,288.2,108,129.6,136,229.6,73,9.6,5,4,False
MO,83,area_code_408,False,False,0,117.9,101,160.4,92,235.3,150,11.4,10,0,False
MI,122,area_code_510,False,False,0,144.2,87,212.2,74,169.3,87,9.5,4,0,False
AK,173,area_code_510,False,False,0,172.5,78,142.6,91,102.0,63,10.9,2,0,False
NC,115,area_code_415,True,False,0,180.0,119,198.8,126,217.1,70,12.4,3,1,False
KY,129,area_code_415,False,False,0,130.2,94,195.2,126,195.5,68,7.6,5,2,False
WV,94,area_code_415,False,False,0,85.9,113,226.7,91,279.6,110,15.6,16,0,False
OR,194,area_code_415,False,False,0,258.3,76,306.0,88,241.8,106,13.6,4,1,True
TN,92,area_code_510,False,True,25,79.8,99,313.6,120,135.5,104,9.3,8,2,False
MA,83,area_code_510,False,False,0,268.7,81,145.5,100,185.6,86,9.4,6,0,False
MA,80,area_code_408,False,False,0,148.6,106,210.8,65,203.7,86,10.0,2,2,False
NY,122,area_code_510,False,False,0,145.6,102,284.7,111,228.2,91,12.2,5,0,False
VA,88,area_code_415,False,False,0,294.3,83,172.1,104,177.3,105,5.8,7,2,True
OH,65,area_code_408,False,False,0,187.9,116,157.6,117,227.3,86,7.5,6,1,False
CT,34,area_code_510,False,True,26,193.4,91,198.3,94,257.2,94,9.5,5,2,False
FL,144,area_code_510,False,False,0,278.5,95,240.7,90,120.0,90,11.6,5,1,True
WA,166,area_code_408,False,False,0,274.3,110,52.9,109,246.1,119,10.9,5,0,False
OK,92,area_code_510,False,False,0,176.3,85,93.4,125,207.2,107,9.6,1,2,False
UT,126,area_code_408,False,False,0,211.6,70,216.9,80,153.5,60,7.8,1,1,False
ND,81,area_code_415,False,False,0,234.1,105,237.4,88,240.6,85,11.4,4,1,False
NV,91,area_code_408,False,False,0,133.7,75,195.3,87,280.5,89,5.9,2,0,False
HI,24,area_code_415,False,False,0,241.9,104,145.2,112,214.5,105,6.6,5,1,False
MN,79,area_code_510,False,False,0,121.3,112,282.8,107,123.1,83,7.4,4,1,False
UT,81,area_code_415,False,False,0,129.9,121,230.1,105,140.5,123,13.3,3,0,False
TN,130,area_code_415,False,True,12,141.9,92,228.9,102,195.1,101,8.7,5,0,False
AR,80,area_code_415,False,True,34,243.4,96,102.3,115,217.8,95,12.2,3,1,False
PA,140,area_code_415,False,False,0,220.1,100,182.2,112,250.3,98,11.6,8,1,False
PA,137,area_code_415,False,True,25,174.6,88,243.8,118,259.7,103,12.2,3,3,False
OK,110,area_code_510,False,False,0,281.2,78,302.3,89,188.4,92,8.5,4,0,True
WY,113,area_code_510,False,False,0,155.0,93,330.6,106,189.4,123,13.5,3,1,False
WI,87,area_code_415,False,False,0,238.0,97,164.5,97,282.5,132,10.6,6,2,False
DE,31,area_code_408,False,False,0,229.1,120,172.4,79,243.6,102,11.0,4,3,False
WY,142,area_code_415,False,False,0,131.7,85,239.6,118,235.1,77,8.9,3,1,False
VT,155,area_code_510,False,False,0,223.8,109,233.4,68,201.6,111,8.8,8,1,False
MD,79,area_code_415,False,False,0,213.4,107,176.2,82,180.1,125,7.9,4,0,False
DE,145,area_code_415,False,False,0,189.3,113,203.7,92,218.3,103,14.2,3,5,False
MO,92,area_code_415,False,False,0,154.0,122,329.8,88,288.0,117,5.6,2,3,True
NJ,128,area_code_415,False,False,0,237.9,125,247.6,93,208.9,68,13.9,4,1,True
ID,65,area_code_408,False,False,0,96.0,95,117.0,82,172.9,114,6.7,3,3,False
OR,88,area_code_408,False,False,0,192.6,96,184.0,92,173.6,113,8.8,6,2,False
UT,78,area_code_415,False,False,0,193.1,85,172.1,105,129.6,119,10.2,1,0,False
HI,118,area_code_415,False,False,0,253.2,122,201.0,78,195.3,108,9.7,7,2,False
HI,90,area_code_408,False,False,0,193.8,90,206.6,98,153.3,120,10.1,9,3,False
NE,46,area_code_408,False,False,0,210.2,92,227.3,77,200.1,116,13.1,7,1,False
NE,61,area_code_408,False,False,0,267.1,104,180.4,131,230.6,106,17.3,4,1,True
MT,49,area_code_415,True,False,0,157.6,101,256.4,69,260.8,107,9.8,4,1,False
OK,79,area_code_510,False,False,0,147.0,72,165.7,102,243.2,107,8.4,9,1,False
DC,53,area_code_415,False,True,22,76.1,115,171.2,119,246.3,126,6.0,2,0,False
HI,131,area_code_415,False,True,30,174.0,118,205.3,81,218.2,90,6.7,3,1,False
FL,119,area_code_415,False,False,0,109.2,96,153.1,80,240.0,102,9.8,5,2,False
TN,127,area_code_408,False,True,22,166.0,114,174.5,103,244.9,68,10.2,6,1,False
MN,113,area_code_408,False,False,0,198.6,115,258.0,106,245.8,104,10.2,6,1,True
OK,112,area_code_415,False,False,0,166.0,79,74.6,100,247.9,74,6.3,7,0,False
MN,62,area_code_415,False,False,0,248.7,109,220.0,118,265.7,78,13.2,2,1,True
AL,102,area_code_415,False,False,0,123.1,106,182.0,102,244.6,75,12.6,7,2,False
VT,48,area_code_415,False,False,0,197.7,64,136.7,126,244.4,81,13.2,5,4,False
IL,87,area_code_408,True,True,36,171.2,138,185.8,102,227.6,97,10.8,3,1,False
CA,125,area_code_510,True,False,0,158.7,112,155.7,126,246.0,110,8.3,1,2,True
WV,161,area_code_415,False,False,0,191.9,113,70.9,87,204.8,107,13.4,4,4,True
MI,74,area_code_415,False,False,0,124.8,114,133.0,121,160.3,85,10.6,7,3,False
OR,51,area_code_510,False,False,0,51.8,107,230.2,104,227.5,118,10.4,4,2,False
MN,78,area_code_415,False,False,0,241.3,113,146.6,97,129.0,131,11.8,6,3,False
MO,89,area_code_415,False,False,0,178.7,81,233.7,74,131.9,120,9.1,4,1,False
OR,159,area_code_408,False,False,0,180.1,103,193.4,148,251.2,109,13.4,5,0,False
IA,42,area_code_415,False,False,0,155.4,127,164.1,45,157.7,128,9.0,3,0,False
MN,59,area_code_408,False,True,32,211.9,120,202.9,136,213.5,95,8.8,5,1,False
MO,154,area_code_415,False,False,0,162.0,87,199.5,147,243.0,66,1.1,5,1,False
AK,121,area_code_408,False,True,34,245.0,95,216.9,66,112.4,125,7.5,8,0,False
CO,86,area_code_408,False,False,0,171.8,106,301.7,44,139.4,108,9.7,5,1,False
NC,139,area_code_415,True,False,0,185.1,101,266.7,75,207.9,95,9.0,3,3,False
MI,115,area_code_415,False,True,26,155.2,110,230.9,133,261.6,100,4.5,4,0,False
WA,132,area_code_415,False,False,0,240.1,115,180.4,91,133.4,122,8.0,6,3,False
DC,78,area_code_415,True,False,0,176.6,107,179.4,98,178.2,80,16.6,5,2,True
FL,105,area_code_408,False,False,0,181.9,70,233.5,83,194.6,80,8.1,9,1,False
IL,143,area_code_415,False,True,26,119.6,133,247.0,136,227.3,54,13.0,3,1,False
LA,91,area_code_408,False,False,0,147.2,121,175.2,87,136.3,80,13.3,3,2,False
IA,128,area_code_408,False,False,0,158.8,75,264.8,91,270.0,77,7.6,7,1,False
VT,95,area_code_510,True,True,41,136.8,91,200.8,61,133.7,67,10.3,9,5,True
ME,75,area_code_408,True,False,0,211.3,61,105.6,119,175.9,63,9.7,4,4,True
NV,69,area_code_510,True,True,33,271.5,98,253.4,102,165.4,85,8.2,2,1,True
NM,72,area_code_415,False,False,0,190.7,111,241.6,103,278.1,95,4.4,3,1,False
WI,111,area_code_415,False,True,36,166.2,54,238.8,109,108.8,92,11.2,2,3,False
GA,93,area_code_415,False,False,0,179.5,121,191.9,131,165.5,125,12.0,4,0,False
MA,108,area_code_415,False,False,0,178.3,137,189.0,76,129.1,102,14.6,5,0,False
NC,43,area_code_415,False,False,0,165.8,96,132.0,105,323.2,62,10.7,6,0,False
MI,51,area_code_415,False,False,0,229.7,129,336.0,104,192.8,128,9.6,1,1,True
MI,53,area_code_510,False,True,37,167.3,99,194.7,99,236.7,112,12.0,9,2,False
RI,95,area_code_408,False,False,0,160.0,133,215.3,98,188.9,87,9.1,4,0,False
MT,117,area_code_510,False,False,0,180.6,134,216.6,96,101.0,122,10.6,6,4,True
IN,88,area_code_415,False,False,0,183.5,93,170.5,80,193.8,88,8.3,5,3,False
ME,52,area_code_510,False,False,0,129.3,80,142.7,101,258.3,89,12.3,4,3,False
NM,118,area_code_415,False,True,42,148.7,105,167.3,105,270.6,105,10.4,7,0,False
NY,137,area_code_510,False,False,0,109.8,120,230.5,86,255.8,103,11.9,6,1,False
MA,169,area_code_408,False,True,22,149.1,103,207.2,91,265.4,92,11.4,7,2,False
OH,29,area_code_408,False,False,0,196.8,81,168.0,110,132.6,98,12.7,7,2,False
MN,134,area_code_415,False,False,0,244.1,99,246.9,111,200.0,133,7.2,2,0,False
WA,13,area_code_510,False,True,25,176.6,65,172.7,96,104.5,128,11.3,5,2,False
ME,131,area_code_510,True,True,26,292.9,101,199.7,97,255.3,127,13.8,7,4,True
KS,67,area_code_408,False,False,0,201.4,101,97.6,122,202.5,119,7.0,3,0,False
DE,129,area_code_510,False,False,0,334.3,118,192.1,104,191.0,83,10.4,6,0,True
KY,115,area_code_510,False,False,0,99.7,107,145.1,96,149.4,99,14.1,4,2,False
OK,46,area_code_415,False,False,0,164.2,116,196.2,153,236.1,119,8.1,1,1,False
CT,107,area_code_408,False,False,0,103.4,94,189.3,125,227.2,125,14.4,3,1,False
GA,107,area_code_408,False,False,0,114.9,119,239.7,91,165.3,112,12.6,5,2,False
IN,185,area_code_415,False,False,0,89.4,77,288.9,128,162.9,93,10.4,2,3,False
MI,164,area_code_415,False,False,0,215.6,90,171.6,99,110.4,105,11.3,6,1,False
WV,88,area_code_510,False,False,0,131.5,99,174.8,128,184.2,83,7.9,2,5,True
KY,57,area_code_415,False,True,29,279.9,121,223.1,109,251.7,94,13.0,2,1,False
TX,130,area_code_415,False,False,0,159.9,70,236.8,127,227.9,95,9.0,1,1,False
TX,79,area_code_415,False,False,0,144.0,90,135.8,91,212.4,129,13.0,4,1,False
IA,158,area_code_415,False,False,0,158.0,106,292.5,114,241.1,89,9.1,4,1,False
HI,56,area_code_415,False,False,0,158.2,85,197.9,91,159.9,133,7.7,7,1,False
AR,185,area_code_415,False,True,19,157.3,123,257.7,94,190.4,107,9.6,6,0,False
MI,147,area_code_415,False,False,0,130.6,83,208.1,144,204.6,72,15.6,3,3,False
WA,184,area_code_408,False,False,0,151.7,93,178.5,77,229.1,111,13.1,8,2,False
OR,136,area_code_415,False,True,23,235.6,65,177.7,81,138.7,105,11.3,5,1,False
NJ,93,area_code_510,True,True,38,225.7,117,119.6,122,193.2,125,14.0,7,1,True
TX,32,area_code_408,False,False,0,157.9,88,180.8,132,132.5,102,12.8,3,1,False
AZ,60,area_code_415,False,False,0,98.2,88,180.5,69,223.6,69,9.3,2,2,False
MS,162,area_code_415,True,False,0,172.1,138,165.9,93,279.0,81,9.2,6,2,False
MO,110,area_code_415,False,False,0,178.5,124,146.9,141,217.1,102,9.9,7,1,False
KY,102,area_code_415,True,False,0,209.8,85,165.7,100,230.1,92,8.7,6,0,False
TX,104,area_code_510,False,False,0,111.9,105,197.7,121,302.8,108,10.1,5,1,False
AL,132,area_code_408,False,False,0,222.4,85,165.4,76,208.4,97,11.2,4,0,False
WV,30,area_code_510,False,False,0,162.3,96,244.0,122,180.1,89,9.1,4,2,False
MD,103,area_code_415,True,False,0,133.2,90,236.8,70,214.1,120,12.5,2,1,True
MS,124,area_code_415,False,False,0,251.5,85,214.2,98,186.1,71,11.1,6,3,False
FL,100,area_code_415,False,False,0,303.0,93,175.6,89,135.2,102,10.4,5,1,True
PA,128,area_code_408,True,False,0,245.2,112,101.5,101,152.3,116,10.7,5,0,False
WA,56,area_code_408,False,False,0,210.4,80,176.6,96,149.7,56,15.5,4,1,False
WY,104,area_code_415,False,False,0,138.7,100,215.4,58,164.3,98,4.9,4,2,False
OK,127,area_code_510,False,True,27,2.6,113,254.0,102,242.7,156,9.2,5,3,False
GA,71,area_code_415,False,False,0,258.4,132,126.8,119,182.4,87,9.7,8,4,False
MI,120,area_code_415,False,False,0,150.6,85,119.0,128,232.9,123,6.4,2,1,False
MD,133,area_code_415,False,False,0,173.1,126,200.0,98,231.0,103,10.8,1,1,False
MD,85,area_code_510,True,False,0,216.0,73,188.2,117,147.1,98,3.6,7,2,False
MD,47,area_code_415,True,True,31,140.6,114,264.6,44,238.7,121,9.7,4,2,False
MN,116,area_code_408,False,False,0,197.9,84,168.1,113,239.8,145,12.0,6,1,False
TX,47,area_code_408,False,True,28,112.2,70,154.8,106,166.7,105,10.6,2,0,False
NH,13,area_code_415,False,False,0,193.2,89,194.4,90,186.5,104,9.7,2,4,False
TX,169,area_code_408,False,False,0,266.7,105,158.2,88,287.7,111,13.8,3,3,True
MA,88,area_code_415,False,False,0,264.8,124,245.4,112,160.5,115,14.8,2,1,True
OH,107,area_code_415,False,True,26,161.6,123,195.5,103,254.4,103,13.7,3,1,False
ND,90,area_code_510,False,False,0,169.4,127,157.2,111,172.4,103,10.7,2,1,False
ID,169,area_code_415,False,False,0,235.7,79,136.9,85,220.9,97,13.3,10,1,False
MO,86,area_code_415,False,False,0,83.5,96,221.1,63,349.7,75,12.6,3,0,False
WY,106,area_code_415,True,True,26,270.3,111,215.2,90,254.0,133,14.4,7,1,True
LA,118,area_code_408,False,False,0,187.4,97,177.8,89,233.4,97,12.2,6,1,False
UT,140,area_code_415,False,False,0,160.5,123,185.9,110,150.4,94,10.7,5,1,False
OH,69,area_code_510,False,False,0,221.6,88,231.8,87,211.7,116,8.6,9,1,False
FL,41,area_code_415,False,True,41,207.3,95,137.3,120,115.7,74,5.9,3,1,False
NC,104,area_code_415,False,True,18,182.1,66,213.6,65,193.0,108,13.4,9,2,False
ID,67,area_code_415,False,False,0,234.3,111,206.4,87,157.3,101,5.8,10,3,False
ID,55,area_code_510,False,True,8,222.5,104,171.5,94,377.5,114,9.7,2,1,False
AL,172,area_code_408,False,False,0,270.0,102,256.6,111,168.5,104,12.0,5,2,True
NE,70,area_code_415,False,False,0,213.4,86,204.7,77,256.6,101,5.7,4,1,False
LA,143,area_code_415,False,False,0,178.2,109,254.6,93,241.3,139,8.5,7,0,False
OR,99,area_code_408,False,False,0,256.4,44,214.5,105,233.7,75,7.9,1,3,True
RI,90,area_code_510,False,True,19,214.0,57,245.3,105,205.6,68,10.3,2,1,False
NE,112,area_code_415,True,True,16,200.3,72,197.8,91,151.1,92,10.4,3,1,False
OK,103,area_code_415,False,False,0,278.4,121,252.2,139,202.3,96,13.7,1,1,True
NJ,64,area_code_510,False,False,0,162.6,83,152.3,109,57.5,122,14.2,3,1,False
NV,37,area_code_415,False,False,0,233.7,114,207.9,109,212.7,101,12.0,2,2,False
AL,91,area_code_510,False,True,39,160.8,97,119.3,54,147.9,101,10.3,3,3,False
OK,194,area_code_408,False,False,0,162.3,88,213.7,118,192.1,81,10.9,2,0,False
VA,136,area_code_415,False,True,35,205.5,86,298.5,119,214.2,104,6.9,4,1,False
NV,81,area_code_415,False,True,28,167.9,147,190.7,105,193.0,103,9.2,6,4,True
NY,39,area_code_408,False,False,0,160.4,68,102.6,103,235.3,106,9.1,5,2,False
CT,142,area_code_510,False,True,38,231.2,125,174.8,121,171.2,87,12.4,2,4,False
NV,105,area_code_408,False,False,0,166.1,93,175.9,106,243.5,55,16.2,3,2,False
HI,132,area_code_415,False,False,0,140.3,144,294.8,89,153.5,126,11.7,4,2,False
ME,28,area_code_415,False,False,0,236.8,102,167.1,87,280.2,115,9.7,3,3,False
WY,109,area_code_415,False,False,0,137.0,128,217.0,116,182.1,86,10.0,5,2,False
PA,97,area_code_510,True,False,0,145.0,103,294.3,93,239.8,120,11.0,2,4,True
OK,52,area_code_408,False,False,0,214.7,68,158.6,138,123.4,114,9.4,4,2,False
HI,92,area_code_510,False,False,0,222.4,105,164.0,129,233.3,113,9.9,8,1,False
NE,86,area_code_408,False,False,0,113.1,77,294.4,126,101.4,94,13.4,3,1,False
UT,103,area_code_510,False,True,36,87.2,92,169.3,110,166.7,80,10.9,5,6,True
CT,67,area_code_415,False,False,0,115.5,70,252.2,143,208.9,91,7.5,6,0,False
KY,105,area_code_415,False,True,24,274.7,99,193.5,118,299.6,109,10.8,3,3,False
NY,93,area_code_408,False,False,0,162.9,103,243.6,97,172.4,111,7.0,5,4,False
OR,103,area_code_510,True,False,0,171.7,78,144.5,86,157.9,106,6.8,3,3,False
VT,100,area_code_415,False,True,25,215.9,90,257.9,92,180.2,157,11.6,4,1,False
NM,87,area_code_415,False,False,0,168.2,92,224.7,100,169.5,99,12.9,3,1,False
RI,33,area_code_415,False,False,0,184.4,111,203.8,110,237.4,100,9.3,5,3,False
TN,114,area_code_415,True,False,0,200.7,72,271.2,79,188.2,97,13.4,7,2,True
SD,52,area_code_510,True,False,0,251.4,118,196.6,80,192.0,53,11.0,2,0,True
FL,64,area_code_408,False,True,31,228.6,88,248.5,109,167.1,124,9.0,1,3,False
IN,81,area_code_408,False,False,0,175.5,67,249.3,85,270.2,98,10.2,3,1,False
UT,157,area_code_408,False,False,0,229.8,90,147.9,121,241.4,108,9.6,7,3,False
IN,161,area_code_510,False,True,38,240.4,112,201.8,102,206.1,112,16.1,6,0,False
MI,91,area_code_415,False,False,0,154.4,165,168.3,121,239.9,81,11.7,4,5,True
SD,93,area_code_415,False,False,0,176.1,103,199.7,130,263.9,96,8.5,6,2,False
NV,144,area_code_415,True,False,0,150.0,69,285.9,73,190.6,121,9.4,15,0,False
PA,141,area_code_510,False,False,0,146.5,121,169.9,125,238.8,112,8.2,5,0,False
CO,54,area_code_510,False,True,39,117.6,82,159.2,60,236.4,113,11.3,10,2,False
MI,62,area_code_408,False,False,0,119.3,94,224.0,81,156.7,78,12.1,6,5,True
AK,76,area_code_415,False,True,22,160.1,107,168.7,136,23.2,102,9.5,4,3,False
NY,161,area_code_415,False,False,0,332.9,67,317.8,97,160.6,128,5.4,9,4,True
NV,107,area_code_510,True,False,0,234.1,91,163.1,105,282.5,100,10.0,3,1,False
MD,51,area_code_510,False,True,28,276.7,121,203.7,99,246.2,88,8.3,3,0,False
SC,41,area_code_408,False,False,0,237.8,92,223.5,155,217.4,90,10.2,6,2,False
ND,118,area_code_415,False,False,0,77.6,113,126.9,75,191.0,79,14.9,4,1,False
NY,125,area_code_415,False,False,0,233.3,65,209.8,93,210.6,109,9.1,4,1,False
KY,122,area_code_415,False,False,0,128.9,136,244.4,133,148.7,133,10.7,5,0,False
MS,79,area_code_415,False,False,0,161.6,94,187.5,110,220.8,71,10.3,7,2,False
DE,97,area_code_408,False,False,0,169.2,91,224.6,122,108.0,115,13.0,5,1,False
VT,157,area_code_510,False,False,0,168.6,71,205.1,48,175.8,88,5.9,2,3,False
FL,85,area_code_408,True,False,0,116.2,86,229.7,127,204.2,109,10.1,3,3,False
MA,93,area_code_415,False,True,31,237.2,85,213.1,100,192.7,87,10.7,4,1,False
NM,177,area_code_408,False,True,29,189.0,91,303.1,96,163.6,116,15.7,1,3,False
MD,74,area_code_415,False,False,0,155.7,116,173.7,63,257.4,97,8.1,4,0,False
NJ,93,area_code_415,True,True,20,187.5,110,169.8,94,175.3,127,12.1,4,1,False
UT,93,area_code_415,False,False,0,164.9,68,210.4,86,229.4,104,7.8,4,2,False
ID,82,area_code_415,False,False,0,266.9,83,229.7,74,251.7,99,11.0,6,3,True
NJ,24,area_code_408,False,False,0,265.6,86,208.8,102,182.5,105,11.1,6,2,True
CT,84,area_code_510,False,True,42,165.3,97,223.5,118,260.8,72,7.6,7,3,False
MN,57,area_code_415,False,False,0,272.7,74,224.9,85,178.2,104,10.5,3,2,True
MN,37,area_code_415,False,True,20,264.7,81,216.5,110,210.7,102,10.4,7,0,False
CT,15,area_code_415,False,False,0,185.1,103,193.8,148,305.2,79,13.2,6,5,False
WI,73,area_code_415,False,False,0,157.1,109,268.8,83,181.5,91,10.0,8,0,False
CO,76,area_code_408,False,True,26,214.6,110,205.2,87,134.6,140,8.1,2,1,False
KS,86,area_code_408,False,True,23,225.5,107,246.3,105,245.7,81,9.8,2,0,False
ND,147,area_code_408,False,False,0,205.3,95,166.7,128,240.6,84,7.8,4,1,False
DC,86,area_code_415,False,True,29,189.3,107,221.3,101,325.6,137,13.8,3,1,False
MI,101,area_code_510,False,False,0,190.7,72,208.6,103,203.8,111,8.8,8,1,False
DC,65,area_code_408,False,False,0,244.5,72,206.2,88,299.8,110,7.6,1,5,True
PA,86,area_code_510,False,False,0,212.8,79,90.9,145,152.3,67,11.9,3,2,False
VA,95,area_code_415,False,False,0,197.0,88,190.4,68,211.9,104,16.1,8,0,False
LA,158,area_code_408,False,False,0,202.0,126,163.5,86,195.4,84,10.4,6,1,False
IA,126,area_code_408,False,True,27,186.2,78,189.6,83,76.5,139,9.6,3,2,False
IA,92,area_code_510,False,True,25,134.0,112,206.0,111,180.6,118,9.7,4,0,False
OH,135,area_code_415,False,False,0,218.8,123,242.8,64,85.8,80,10.3,3,4,False
KY,81,area_code_510,False,False,0,79.4,99,144.7,90,204.7,114,9.1,5,0,False
OH,132,area_code_415,False,True,10,182.9,54,292.4,68,142.3,116,11.5,4,0,False
ID,68,area_code_510,False,True,30,122.9,93,233.5,91,199.5,144,9.6,2,2,False
PA,77,area_code_510,False,True,24,149.4,74,123.9,72,174.3,84,10.1,6,1,False
LA,44,area_code_510,False,False,0,189.7,122,178.9,72,244.7,93,9.8,5,0,False
OK,82,area_code_510,False,False,0,329.8,73,208.3,120,267.1,102,10.6,6,0,True
VT,93,area_code_408,False,True,32,138.1,91,167.3,72,238.9,115,6.8,3,2,False
NJ,74,area_code_415,False,False,0,230.9,93,223.0,78,157.8,101,9.7,2,3,False
WV,148,area_code_415,False,True,26,244.9,150,118.0,138,236.0,91,15.2,4,2,False
AK,88,area_code_415,False,True,37,181.7,88,237.4,106,209.1,111,9.5,5,2,False
WV,7,area_code_510,False,False,0,170.2,83,137.2,123,188.0,67,11.1,7,2,False
DC,115,area_code_510,False,True,29,222.6,81,190.3,109,201.2,87,11.5,2,1,False
ID,130,area_code_510,False,False,0,140.9,68,217.5,109,123.6,96,13.6,4,3,False
TX,109,area_code_510,True,False,0,159.6,136,151.0,126,142.1,53,7.3,4,4,True
VA,132,area_code_510,False,False,0,81.1,86,245.2,72,237.0,115,10.3,2,0,False
TX,140,area_code_415,False,False,0,93.2,109,197.6,116,219.8,94,10.5,2,1,False
ME,163,area_code_415,False,False,0,122.4,129,113.4,108,180.2,97,12.5,7,1,False
WA,134,area_code_408,False,False,0,208.3,86,253.6,89,291.0,86,12.6,3,1,False
VA,117,area_code_408,False,False,0,97.1,98,228.0,131,240.0,111,10.6,3,1,False
AK,146,area_code_510,True,False,0,163.5,85,224.8,149,253.1,116,9.8,4,1,False
ND,79,area_code_408,False,False,0,205.7,123,214.5,108,226.1,106,6.7,18,1,False
PA,137,area_code_415,False,False,0,215.9,76,145.4,118,186.9,129,12.1,4,1,False
NV,137,area_code_415,True,False,0,135.1,95,134.1,102,223.1,81,12.3,2,2,True
WA,60,area_code_415,True,False,0,205.9,97,277.4,117,202.0,139,11.0,2,0,True
UT,57,area_code_415,False,False,0,202.0,100,168.9,90,231.8,119,3.4,4,1,False
IL,151,area_code_415,True,False,0,198.7,70,209.5,106,281.9,126,12.4,4,0,False
VT,63,area_code_415,False,False,0,142.5,92,208.3,102,228.9,120,7.5,2,2,False
NC,112,area_code_415,False,False,0,193.3,96,264.1,123,128.6,115,9.1,3,4,False
RI,117,area_code_408,False,True,13,207.6,65,152.7,77,232.8,95,9.7,3,1,False
IN,77,area_code_408,False,False,0,185.9,95,212.0,98,282.3,81,11.3,4,3,False
MI,61,area_code_415,False,False,0,188.9,105,153.6,116,213.3,106,10.2,2,2,False
NM,117,area_code_415,False,False,0,143.3,103,211.3,108,185.2,96,11.5,3,1,False
TN,103,area_code_415,False,False,0,141.3,123,253.6,87,215.8,96,6.4,2,1,False
WV,82,area_code_408,False,False,0,143.7,116,170.7,99,287.7,95,7.8,5,1,False
NC,115,area_code_510,True,False,0,251.3,69,252.5,96,118.3,112,9.9,1,3,True
UT,116,area_code_415,False,True,24,232.9,90,152.1,94,344.3,82,10.7,6,1,False
MN,173,area_code_510,False,False,0,291.8,143,214.3,134,151.2,119,9.9,2,0,True
VT,57,area_code_415,False,False,0,166.4,114,76.8,119,260.1,77,10.9,3,3,False
AK,78,area_code_510,False,False,0,190.3,88,194.5,89,256.5,109,11.7,5,2,False
ID,99,area_code_415,False,False,0,145.6,106,98.3,106,230.8,83,10.9,5,1,False
CO,132,area_code_415,False,False,0,197.8,66,133.9,119,177.3,94,10.9,3,4,True
UT,118,area_code_415,False,True,24,118.1,83,109.6,72,245.5,73,16.9,2,1,False
WV,87,area_code_415,False,False,0,124.3,91,173.4,105,256.3,109,7.5,5,3,False
UT,81,area_code_510,False,False,0,154.5,84,216.2,91,229.8,82,13.7,3,1,False
AL,71,area_code_415,False,False,0,103.3,103,138.5,79,164.8,98,9.0,2,2,False
OH,154,area_code_415,False,True,14,183.0,113,187.0,144,181.1,112,10.2,3,1,False
OR,99,area_code_408,False,False,0,221.0,118,138.8,104,198.6,96,12.1,4,0,False
KY,96,area_code_415,False,True,40,108.6,90,206.4,154,126.3,118,13.4,4,0,False
NV,183,area_code_415,False,False,0,116.7,92,213.8,112,214.3,112,9.7,6,2,False
WY,97,area_code_510,True,False,0,236.9,107,157.6,105,241.0,120,7.3,2,0,True
KY,80,area_code_408,False,False,0,209.9,74,195.1,77,208.2,119,8.8,4,2,False
CA,92,area_code_408,False,False,0,249.4,118,211.5,95,169.0,116,9.1,3,0,False
NH,97,area_code_408,False,True,28,283.1,93,185.4,98,312.8,78,6.1,8,1,False
TX,108,area_code_415,False,False,0,133.1,52,256.3,103,247.2,118,11.9,3,3,False
DE,110,area_code_510,False,False,0,148.5,115,276.4,84,193.6,112,12.4,3,1,False
GA,160,area_code_415,False,False,0,174.3,105,171.3,107,220.8,131,8.3,2,0,False
MI,136,area_code_415,False,True,24,50.1,134,295.8,89,111.8,115,11.0,6,0,False
SD,122,area_code_415,True,True,40,216.4,80,249.7,90,185.9,99,12.7,4,1,False
PA,134,area_code_408,False,False,0,205.3,122,240.5,155,179.1,107,5.0,9,1,False
ID,83,area_code_415,True,True,32,94.7,111,154.4,98,200.4,109,10.6,6,2,False
MI,173,area_code_415,True,True,18,127.2,89,130.7,114,229.7,115,11.2,5,2,False
IL,84,area_code_510,False,False,0,181.5,129,130.7,112,186.5,118,8.5,4,1,False
ME,57,area_code_415,False,False,0,221.1,101,236.7,65,252.3,137,9.5,1,0,False
OH,98,area_code_510,False,True,29,111.1,105,217.9,101,248.1,108,6.6,3,2,False
NY,119,area_code_408,False,False,0,153.2,131,116.6,85,218.5,74,10.1,5,1,False
MT,103,area_code_510,False,True,35,110.5,101,208.3,81,87.4,77,13.9,2,4,True
NE,127,area_code_510,True,False,0,180.9,114,209.5,118,249.9,105,7.4,4,2,False
MT,74,area_code_408,False,False,0,174.1,96,251.1,94,257.6,123,8.3,5,2,True
WY,105,area_code_408,False,False,0,160.3,86,195.2,80,163.3,109,12.7,3,2,False
MI,100,area_code_510,False,True,21,86.1,95,189.9,126,201.3,113,11.7,4,0,False
MA,104,area_code_415,False,False,0,285.3,75,130.8,111,181.8,99,10.5,2,2,False
TX,95,area_code_510,False,False,0,135.2,93,285.9,123,228.1,112,10.0,2,3,False
MN,162,area_code_510,False,True,46,224.9,97,188.2,84,254.6,61,12.1,2,0,False
NJ,59,area_code_510,True,True,31,225.0,78,191.3,79,226.7,79,9.1,3,1,False
VA,100,area_code_415,False,False,0,200.7,151,290.8,127,186.7,105,10.2,9,1,False
KY,131,area_code_415,False,False,0,166.5,129,210.2,107,257.2,93,9.9,5,1,False
CO,60,area_code_408,False,False,0,125.1,99,248.8,62,211.3,79,11.2,3,3,False
SD,93,area_code_510,False,False,0,328.1,106,151.7,89,303.5,114,8.7,3,1,True
GA,98,area_code_408,False,False,0,126.3,102,166.8,85,187.8,135,9.4,2,3,False
AK,156,area_code_510,False,False,0,123.7,96,103.0,80,189.4,82,13.1,4,1,False
NM,16,area_code_510,False,False,0,144.8,84,164.9,141,231.5,75,8.2,4,2,False
TX,106,area_code_415,False,False,0,182.8,96,193.7,93,219.5,113,7.7,2,2,False
AL,12,area_code_408,False,False,0,239.7,112,221.1,122,207.3,109,11.1,3,2,False
VA,67,area_code_408,False,False,0,176.2,120,236.0,138,152.5,104,10.6,4,1,False
UT,110,area_code_415,False,False,0,271.1,108,237.0,122,239.9,122,9.8,5,2,True
WV,68,area_code_415,False,False,0,231.1,57,153.4,55,191.3,123,9.6,4,3,False
NC,75,area_code_408,False,False,0,203.3,70,228.9,97,222.2,118,14.3,3,1,False
MN,133,area_code_415,False,False,0,128.9,85,201.4,93,275.3,103,11.1,3,1,False
AZ,163,area_code_510,False,False,0,178.7,56,215.7,79,152.7,84,10.6,2,4,False
AZ,102,area_code_510,False,False,0,171.6,116,219.4,111,242.1,85,12.1,4,0,True
MI,93,area_code_415,True,False,0,216.9,61,207.4,120,221.7,110,17.5,5,1,True
WY,131,area_code_510,False,False,0,110.9,74,115.6,90,190.5,114,15.8,9,1,False
MD,139,area_code_415,False,False,0,102.2,76,230.0,106,183.4,136,10.8,4,1,False
NE,155,area_code_408,False,True,21,195.9,91,213.9,84,88.2,111,8.6,4,0,False
MT,58,area_code_510,False,True,29,240.4,80,118.9,91,164.2,108,11.2,3,1,False
ME,55,area_code_510,False,False,0,181.3,100,200.5,122,226.9,99,10.9,2,1,False
MI,146,area_code_408,False,False,0,149.3,83,187.1,130,149.8,100,7.9,4,7,True
NE,64,area_code_408,False,False,0,261.9,113,148.1,99,145.2,74,13.8,4,0,False
NV,58,area_code_408,False,False,0,191.3,120,216.4,124,100.3,132,8.6,9,3,False
MN,138,area_code_415,False,False,0,194.3,83,189.9,97,232.2,102,9.0,3,5,False
MI,126,area_code_415,True,True,26,129.3,123,176.5,114,154.5,102,9.6,7,1,False
CO,61,area_code_510,False,False,0,88.1,60,129.7,108,169.0,87,13.3,4,2,False
KS,124,area_code_415,False,False,0,94.8,102,238.9,91,279.4,94,11.6,3,2,False
MA,93,area_code_415,False,False,0,173.0,131,190.4,108,290.0,66,10.4,2,0,False
DE,122,area_code_510,False,False,0,157.1,134,184.9,122,197.2,59,8.5,5,4,True
ME,149,area_code_408,False,False,0,237.6,79,192.4,107,207.4,111,9.1,9,0,False
OR,149,area_code_415,False,False,0,114.5,103,228.8,100,135.8,74,10.7,3,0,False
AR,5,area_code_415,False,False,0,199.2,106,187.3,12,214.0,85,13.3,3,3,False
AZ,97,area_code_408,False,True,25,141.0,101,212.0,85,175.2,138,4.9,2,3,False
MO,135,area_code_510,False,False,0,246.8,129,187.8,121,154.5,109,12.6,5,1,False
LA,155,area_code_408,False,True,39,183.3,106,205.1,101,263.7,90,5.1,7,1,False
IL,151,area_code_408,False,False,0,175.3,106,144.3,87,160.2,88,11.8,5,0,False
WA,75,area_code_510,False,True,41,130.9,115,203.4,110,171.7,68,12.4,4,1,False
AR,135,area_code_510,False,True,27,273.4,141,154.0,99,245.8,112,12.3,6,1,False
ID,73,area_code_510,False,True,33,217.7,108,245.7,106,242.9,100,8.8,6,1,False
MO,132,area_code_408,False,False,0,206.2,100,211.2,118,196.2,122,10.2,6,1,False
OR,138,area_code_415,True,True,28,211.2,117,312.5,98,178.0,118,10.7,2,3,True
AZ,88,area_code_415,False,False,0,172.8,81,193.4,90,89.6,107,12.8,5,2,False
CT,90,area_code_415,False,False,0,175.9,111,285.2,115,150.8,122,13.0,7,1,False
KS,46,area_code_510,False,False,0,250.3,100,260.6,90,195.0,104,13.3,2,2,True
VT,74,area_code_415,False,True,24,124.2,146,266.2,84,156.7,108,11.5,6,3,False
NC,155,area_code_408,False,False,0,262.4,55,194.6,113,146.5,85,8.3,6,2,False
TX,217,area_code_408,False,False,0,176.4,115,158.8,128,306.6,107,9.3,3,4,False
GA,57,area_code_408,True,True,30,234.5,130,195.2,116,268.8,94,11.4,4,2,False
NM,103,area_code_415,False,False,0,173.5,83,244.3,65,221.6,66,9.7,2,3,False
AZ,136,area_code_510,False,False,0,92.0,117,253.6,77,214.1,90,10.3,10,1,False
IL,74,area_code_510,False,True,27,154.1,122,195.3,150,276.7,86,13.2,2,4,False
AR,57,area_code_415,False,True,26,138.7,99,134.5,105,261.7,95,13.0,5,2,False
PA,91,area_code_510,False,False,0,143.2,127,103.0,89,233.5,94,12.7,3,2,False
SC,111,area_code_415,False,False,0,110.4,103,137.3,102,189.6,105,7.7,6,2,False
WV,159,area_code_415,False,False,0,169.8,114,197.7,105,193.7,82,11.6,4,1,False
WV,177,area_code_408,False,False,0,227.8,81,161.8,97,217.0,106,8.0,5,1,False
DE,54,area_code_415,True,False,0,214.1,77,240.5,94,188.9,75,10.1,3,1,False
OR,117,area_code_415,False,True,38,259.3,94,245.6,71,269.3,125,9.2,1,3,False
UT,36,area_code_415,False,True,16,149.4,111,131.8,113,132.7,87,6.7,2,0,False
HI,64,area_code_415,False,False,0,194.2,147,173.4,87,268.7,114,5.5,2,2,False
HI,190,area_code_408,False,False,0,150.9,86,268.6,129,179.9,73,14.7,1,1,False
NY,40,area_code_510,False,False,0,115.7,105,127.8,113,107.5,91,9.3,6,1,False
MI,63,area_code_510,False,False,0,185.3,87,225.3,87,194.3,93,11.7,3,0,False
MO,196,area_code_415,False,False,0,234.0,109,249.5,114,173.1,70,9.1,5,2,False
MN,145,area_code_408,False,False,0,241.7,137,135.8,100,277.6,123,13.1,3,0,False
WV,115,area_code_510,True,False,0,249.9,95,242.5,104,151.7,121,15.3,6,1,True
MO,45,area_code_408,False,False,0,207.6,71,152.7,94,217.8,125,12.4,13,1,False
FL,108,area_code_510,False,False,0,210.7,112,238.7,73,253.6,90,9.2,5,3,False
NE,166,area_code_415,False,False,0,238.6,117,242.8,73,203.3,130,10.0,8,4,False
UT,201,area_code_510,False,False,0,212.7,72,225.2,90,195.1,99,7.0,6,1,False
NM,25,area_code_415,False,False,0,119.3,87,211.5,101,268.9,86,10.5,4,3,False
DC,81,area_code_510,True,False,0,227.4,105,211.5,120,258.2,113,11.9,3,0,False
PA,25,area_code_415,False,False,0,195.2,77,193.4,81,231.8,59,12.2,4,2,False
IN,65,area_code_415,False,False,0,129.1,137,228.5,83,208.8,111,12.7,6,4,True
DE,64,area_code_415,False,True,31,281.9,121,240.6,104,212.2,120,7.0,5,3,False
OK,116,area_code_408,False,False,0,211.3,91,190.9,116,184.1,134,6.3,4,2,False
PA,140,area_code_408,False,False,0,112.8,89,156.7,65,249.6,85,16.3,6,0,False
MS,86,area_code_510,False,True,39,261.2,122,214.2,101,154.9,101,12.7,5,2,False
NC,72,area_code_415,False,False,0,196.5,88,158.6,129,269.3,118,6.8,3,0,False
TX,104,area_code_415,False,False,0,261.2,81,209.1,130,281.1,121,11.3,1,2,True
ID,71,area_code_415,False,False,0,212.1,114,235.9,91,207.7,135,11.3,5,4,False
SD,72,area_code_415,False,True,38,84.3,116,267.2,127,167.7,75,8.3,6,4,True
ME,66,area_code_408,False,True,26,254.9,108,243.2,135,190.8,95,5.4,3,2,False
RI,116,area_code_510,False,False,0,137.4,126,120.0,94,130.3,64,12.4,2,3,False
MT,51,area_code_415,False,True,26,236.8,61,263.4,97,181.1,91,11.2,8,1,False
MN,40,area_code_510,True,False,0,170.7,55,179.1,108,281.9,89,8.2,9,3,False
NJ,45,area_code_510,False,False,0,155.7,110,260.3,103,192.2,98,11.0,1,1,False
NV,104,area_code_415,False,False,0,210.9,90,272.2,101,304.3,86,10.6,5,3,True
WV,66,area_code_415,False,False,0,239.6,120,230.3,110,153.0,82,8.6,3,1,False
OH,125,area_code_408,False,False,0,106.1,95,157.6,113,192.5,69,8.1,3,1,False
MN,85,area_code_415,False,False,0,234.5,113,237.3,116,122.7,110,12.9,3,4,False
MS,136,area_code_415,False,True,24,174.6,76,176.6,114,214.4,91,8.8,5,2,False
OK,154,area_code_415,True,False,0,145.9,69,208.2,141,180.9,106,14.4,10,0,True
MA,101,area_code_408,False,False,0,189.0,122,179.2,91,186.8,170,11.1,6,0,False
IN,94,area_code_408,False,False,0,157.9,105,155.0,101,189.6,84,8.0,5,4,True
WY,86,area_code_415,False,False,0,227.9,105,218.7,118,223.2,120,14.2,5,3,False
WV,145,area_code_415,False,False,0,129.4,97,185.4,101,204.7,106,1.1,2,2,False
VT,99,area_code_415,False,False,0,115.5,75,218.1,111,254.9,98,11.5,7,7,True
NV,86,area_code_510,False,False,0,141.3,72,154.3,95,210.6,91,8.2,5,1,False
AZ,48,area_code_415,False,True,27,141.1,109,224.7,94,174.3,122,13.2,2,1,False
UT,61,area_code_415,True,True,29,128.2,119,171.7,83,250.9,114,11.7,6,3,False
ID,113,area_code_415,False,True,30,183.8,102,183.4,123,235.0,52,11.6,7,0,False
GA,44,area_code_510,False,False,0,288.1,112,258.0,92,192.4,90,10.2,4,3,True
WV,113,area_code_510,False,False,0,72.5,88,204.0,112,117.9,118,6.6,3,1,False
NV,134,area_code_415,False,False,0,199.7,107,205.8,86,198.8,125,8.3,5,0,False
KS,94,area_code_510,False,True,28,233.2,88,113.3,102,118.0,71,16.1,4,0,False
OR,120,area_code_415,False,False,0,252.0,120,150.2,106,151.8,96,9.6,1,2,False
FL,79,area_code_510,False,False,0,130.2,119,290.9,121,194.8,140,14.0,6,3,False
CT,115,area_code_415,False,False,0,245.0,97,250.7,75,270.2,124,13.7,8,1,True
WA,64,area_code_510,False,False,0,50.6,91,308.9,78,255.4,114,13.7,5,2,False
NJ,16,area_code_510,False,False,0,228.6,130,208.4,103,195.3,118,11.9,7,0,False
WV,176,area_code_415,False,False,0,162.6,97,227.8,107,218.8,92,11.3,4,1,False
WY,177,area_code_415,False,False,0,175.7,120,168.6,90,198.9,110,14.6,4,1,False
OR,112,area_code_408,False,False,0,135.7,34,243.0,99,209.3,115,12.2,8,1,False
NC,27,area_code_408,False,False,0,201.2,128,227.2,100,145.8,91,8.4,3,2,False
VT,93,area_code_408,False,False,0,149.6,120,200.7,85,181.2,107,14.3,9,0,False
MS,158,area_code_510,False,False,0,175.9,105,188.3,88,188.3,98,11.0,6,1,False
FL,22,area_code_415,False,False,0,181.8,108,198.6,148,206.6,96,9.3,3,2,False
IL,137,area_code_408,True,False,0,237.3,103,176.7,84,263.4,81,14.2,4,0,True
CT,134,area_code_408,False,True,32,80.3,94,199.9,124,170.8,117,16.6,3,0,False
MA,121,area_code_510,False,True,24,218.2,88,348.5,108,212.6,118,7.5,7,3,False
HI,87,area_code_510,False,False,0,297.4,63,118.4,108,242.3,72,11.0,2,2,True
CT,119,area_code_408,False,False,0,294.2,100,232.5,53,195.0,64,9.0,1,0,True
NC,129,area_code_415,False,False,0,54.7,131,256.1,105,176.6,135,11.1,4,1,False
WI,116,area_code_408,False,False,0,152.4,101,191.0,90,143.0,96,11.1,9,0,False
PA,119,area_code_408,False,False,0,260.1,101,256.5,68,229.1,89,10.0,2,1,True
OK,17,area_code_408,False,False,0,180.4,121,228.5,111,199.5,99,14.8,5,0,False
WV,114,area_code_510,False,True,30,206.2,79,260.0,91,291.6,83,11.4,6,1,False
KY,140,area_code_408,False,True,24,235.4,92,160.9,71,211.9,99,8.9,2,3,False
NY,140,area_code_415,False,False,0,235.5,81,257.2,130,103.1,111,11.5,4,2,False
WI,51,area_code_408,False,False,0,197.8,60,221.0,64,168.6,134,8.9,5,1,False
CT,50,area_code_408,False,False,0,301.7,82,167.1,118,72.2,89,10.5,6,1,False
KS,116,area_code_510,False,False,0,189.5,90,189.8,118,205.8,83,13.1,2,1,False
AZ,117,area_code_408,False,False,0,239.9,84,174.8,106,209.5,93,9.8,2,0,False
ME,105,area_code_408,False,True,33,209.6,68,146.9,140,121.0,131,10.6,3,2,False
CO,71,area_code_415,False,False,0,277.5,104,131.8,121,126.9,101,8.2,2,1,False
OR,6,area_code_408,False,False,0,226.5,93,152.1,122,164.4,98,9.4,4,3,False
WV,87,area_code_415,False,False,0,58.0,125,67.5,116,185.9,136,11.5,3,0,False
WI,122,area_code_415,False,True,21,196.0,104,194.7,73,150.8,92,9.6,4,0,False
CA,175,area_code_510,False,False,0,161.2,121,136.7,109,103.3,63,9.6,9,1,False
UT,144,area_code_415,False,False,0,139.6,96,124.2,93,95.6,75,15.0,4,2,False
FL,85,area_code_408,False,True,33,207.9,95,233.5,88,221.3,92,13.5,3,1,False
MT,64,area_code_415,False,False,0,131.3,105,109.4,114,246.2,125,12.7,4,4,True
AL,91,area_code_415,False,False,0,271.9,106,231.9,116,247.0,110,9.3,3,1,True
VA,81,area_code_510,False,False,0,263.8,84,162.8,107,149.7,94,8.7,6,2,False
ME,82,area_code_415,False,True,23,165.2,103,193.9,78,170.9,90,11.8,2,1,False
TX,90,area_code_415,False,False,0,109.6,88,137.6,108,159.7,121,11.0,5,2,False
TX,126,area_code_415,False,False,0,190.9,143,149.7,72,191.4,87,13.0,3,1,False
KY,73,area_code_408,False,False,0,94.9,121,253.2,83,175.1,86,14.2,2,2,False
NE,161,area_code_415,False,False,0,166.2,125,279.4,78,181.0,85,13.4,6,1,False
NY,150,area_code_415,False,True,35,139.6,72,332.8,170,213.8,105,8.8,2,2,False
WY,71,area_code_415,False,False,0,243.7,124,60.0,90,189.0,129,11.3,2,0,False
CO,135,area_code_408,False,False,0,129.4,104,199.0,96,142.4,81,12.3,4,1,False
OK,159,area_code_510,False,False,0,198.8,107,195.5,91,213.3,120,16.5,7,5,False
KS,164,area_code_510,False,True,30,238.8,100,230.0,121,206.3,66,13.2,8,1,False
MA,98,area_code_415,False,False,0,182.6,76,145.2,75,162.6,127,12.0,1,6,True
MS,132,area_code_415,True,False,0,144.3,70,231.5,125,304.3,137,7.0,2,1,True
NH,54,area_code_510,False,False,0,210.5,102,204.5,83,127.8,53,8.5,5,1,False
AZ,124,area_code_415,False,False,0,253.5,104,117.9,123,248.5,104,14.0,2,0,False
MT,95,area_code_510,False,False,0,156.6,88,247.6,75,192.3,115,12.3,5,3,False
DE,29,area_code_415,False,False,0,163.7,109,207.3,88,266.2,101,10.4,2,1,False
WV,50,area_code_510,False,False,0,131.7,108,216.5,103,196.1,126,11.0,5,1,False
FL,131,area_code_408,False,False,0,43.3,118,178.5,113,185.9,120,10.6,4,0,False
CO,110,area_code_510,False,False,0,131.9,93,272.7,106,192.8,105,7.1,4,1,False
FL,161,area_code_415,True,False,0,156.1,114,180.3,63,179.6,115,11.1,9,2,False
OR,101,area_code_415,False,False,0,118.6,89,199.6,97,53.3,61,11.5,5,1,False
WI,92,area_code_415,False,False,0,157.7,101,298.6,100,216.9,99,13.8,3,1,False
AR,42,area_code_510,False,False,0,155.1,110,160.8,109,237.4,115,11.3,2,3,False
KY,58,area_code_415,False,False,0,247.2,116,303.7,103,105.4,94,9.3,2,2,True
OR,122,area_code_408,False,False,0,152.0,86,162.8,61,161.9,98,9.3,3,1,False
AR,153,area_code_408,False,False,0,154.6,56,263.0,84,367.7,89,15.5,2,1,False
CT,89,area_code_415,False,False,0,82.3,77,167.2,80,194.7,70,7.2,4,1,False
VA,128,area_code_415,False,False,0,216.0,111,153.7,115,227.0,74,12.7,4,1,False
ND,149,area_code_408,False,False,0,175.4,80,197.4,127,188.2,102,9.7,2,2,False
TX,140,area_code_408,False,False,0,194.8,107,170.9,99,225.1,93,13.9,4,0,False
MN,90,area_code_408,False,True,32,276.6,76,138.3,90,279.6,88,6.8,3,3,False
NH,117,area_code_510,True,False,0,54.2,100,303.2,84,171.8,84,8.6,2,1,True
KY,79,area_code_415,False,False,0,236.8,135,186.4,87,126.9,112,10.4,5,2,False
MN,125,area_code_415,True,True,29,260.8,81,163.7,112,271.7,117,17.0,6,1,True
MO,136,area_code_415,False,False,0,92.4,109,219.0,115,212.6,80,12.9,4,2,False
MT,163,area_code_510,False,True,23,160.0,104,189.4,64,229.9,118,10.4,7,1,False
GA,58,area_code_510,False,False,0,243.1,105,231.4,108,180.9,120,7.8,4,2,False
DE,99,area_code_415,False,False,0,254.4,120,159.3,92,264.4,94,6.0,5,1,False
KY,147,area_code_408,False,False,0,212.8,79,204.1,91,156.2,113,10.2,2,1,False
NC,161,area_code_415,False,False,0,322.3,100,230.4,135,241.5,104,7.8,5,2,True
AZ,134,area_code_415,False,True,40,142.9,105,88.6,61,290.0,96,10.8,6,1,False
VT,116,area_code_415,False,False,0,129.4,84,157.3,89,215.5,77,13.3,3,0,False
OR,132,area_code_510,False,False,0,265.8,122,285.1,90,183.6,124,13.6,9,2,True
LA,87,area_code_415,False,False,0,228.7,90,163.0,99,154.1,90,11.8,3,1,False
NM,105,area_code_415,False,False,0,193.7,108,183.2,124,293.7,72,10.8,5,1,False
WV,82,area_code_510,False,False,0,202.9,96,234.2,105,217.4,123,10.1,3,4,False
IN,148,area_code_415,False,True,26,158.7,91,160.5,127,218.3,88,9.9,3,1,False
VA,118,area_code_408,False,False,0,160.3,110,53.2,92,130.7,119,10.5,4,0,False
IL,116,area_code_510,False,False,0,164.6,110,270.6,103,230.4,109,8.0,3,0,False
SC,108,area_code_415,False,False,0,112.0,105,193.7,110,208.9,93,4.1,4,4,True
TN,37,area_code_415,False,False,0,221.0,126,204.5,110,118.0,98,6.8,3,4,False
NV,94,area_code_510,False,False,0,190.6,108,152.3,95,144.7,97,7.5,5,1,False
AL,55,area_code_415,True,False,0,191.9,91,256.1,110,203.7,101,14.3,6,1,True
UT,169,area_code_408,False,False,0,157.8,96,160.0,120,198.8,112,13.7,6,3,False
MA,36,area_code_415,False,False,0,140.4,117,204.5,121,251.3,79,8.7,4,2,False
DC,24,area_code_408,False,False,0,149.0,73,131.0,81,238.6,69,8.6,3,2,True
MD,60,area_code_510,False,False,0,190.8,100,196.0,85,151.7,110,9.9,9,0,False
MI,86,area_code_510,False,True,41,119.0,101,230.0,134,236.9,58,9.5,3,0,False
CO,74,area_code_415,False,False,0,225.2,93,215.1,120,241.8,95,9.1,2,2,False
IL,67,area_code_415,False,False,0,109.1,117,217.4,124,188.4,141,12.8,6,0,False
OR,67,area_code_415,True,False,0,120.9,58,235.0,88,95.1,130,11.4,11,2,False
WY,44,area_code_415,False,True,20,184.8,105,195.0,169,130.1,121,11.6,3,1,False
MA,111,area_code_415,False,False,0,284.4,89,157.0,113,242.8,91,8.4,8,0,True
OK,117,area_code_415,False,False,0,134.7,121,180.0,83,200.9,104,7.7,3,1,False
NM,79,area_code_415,False,False,0,187.3,108,177.1,72,269.2,135,9.5,3,3,False
KY,108,area_code_415,False,True,35,169.8,136,173.7,101,214.6,105,9.5,7,2,False
VA,99,area_code_415,False,True,42,216.0,125,232.3,104,215.5,100,9.3,4,2,True
TN,175,area_code_408,True,True,35,159.5,95,140.7,100,176.3,99,5.4,4,5,True
NE,148,area_code_415,False,False,0,178.3,98,282.6,110,181.0,98,11.4,4,1,False
NY,143,area_code_415,False,False,0,168.6,85,176.3,89,282.3,69,13.3,10,1,False
PA,86,area_code_415,False,True,23,247.6,65,255.7,104,150.0,138,7.3,5,3,False
WI,62,area_code_415,False,False,0,281.0,66,160.6,108,77.9,74,0.0,0,1,False
IA,82,area_code_510,False,True,23,123.7,93,139.1,74,174.5,118,10.6,2,1,False
MN,30,area_code_408,False,False,0,54.0,68,179.3,96,247.2,101,10.2,8,1,False
MA,158,area_code_415,False,False,0,214.7,112,262.9,115,228.9,68,11.6,2,1,False
CT,147,area_code_415,False,False,0,124.4,74,320.9,78,157.2,126,10.4,4,2,False
LA,75,area_code_510,True,False,0,153.2,78,210.8,99,153.5,100,7.8,3,1,False
IN,131,area_code_415,False,True,29,42.1,114,183.3,70,158.7,82,10.0,1,0,False
AZ,68,area_code_415,False,False,0,232.4,76,153.3,103,214.6,107,10.5,2,1,False
SC,127,area_code_510,False,True,33,180.5,94,241.9,107,225.4,113,7.4,2,1,False
SD,128,area_code_415,False,False,0,247.3,91,182.7,60,143.2,112,14.7,2,3,False
NC,54,area_code_408,False,False,0,199.8,94,308.0,112,162.6,99,10.1,4,0,False
SD,183,area_code_415,False,True,31,171.2,104,193.6,74,196.5,85,10.2,4,1,False
NC,172,area_code_408,False,True,47,274.9,102,186.6,118,245.0,123,8.8,2,1,False
NY,68,area_code_415,False,False,0,267.9,80,145.4,143,273.3,119,14.9,1,3,True
NC,77,area_code_408,True,True,44,103.2,117,236.3,86,203.5,101,11.9,2,0,True
IL,86,area_code_415,True,False,0,266.1,120,182.0,92,206.5,103,10.3,4,1,False
NE,39,area_code_510,False,False,0,185.0,113,106.5,125,167.3,78,12.0,2,0,False
NV,53,area_code_415,False,False,0,168.8,97,220.3,87,154.3,113,10.9,2,0,False
KY,151,area_code_408,False,True,17,214.7,97,138.5,90,169.1,44,8.6,4,1,False
CO,77,area_code_408,False,False,0,62.4,89,169.9,121,209.6,64,5.7,6,5,True
MI,52,area_code_415,False,False,0,204.4,97,273.2,128,179.6,118,11.0,5,1,False
TX,201,area_code_415,False,False,0,225.9,110,299.1,86,251.3,81,11.2,4,1,True
VT,73,area_code_415,False,False,0,217.8,91,220.6,97,277.3,89,10.3,6,1,True
RI,131,area_code_415,False,False,0,112.8,133,199.4,116,142.7,105,10.1,5,0,False
DC,63,area_code_408,False,False,0,83.0,64,177.0,106,245.7,89,13.0,3,0,False
NE,80,area_code_415,False,False,0,127.8,67,181.6,112,197.3,63,15.9,2,2,False
IN,72,area_code_510,False,False,0,287.4,116,235.3,126,292.1,114,5.0,3,4,True
CO,90,area_code_415,False,True,30,168.2,103,220.9,75,224.3,105,8.2,2,0,False
MS,59,area_code_408,False,True,27,127.4,110,103.3,99,164.2,73,9.1,3,0,False
NY,67,area_code_408,False,True,36,115.6,111,237.7,94,169.9,103,9.9,12,2,False
AK,50,area_code_408,False,False,0,183.6,107,58.6,118,202.6,99,8.7,3,1,False
VA,172,area_code_510,False,False,0,169.8,123,183.1,94,395.0,72,12.7,7,2,False
VT,80,area_code_415,False,False,0,160.6,103,237.0,109,245.1,88,10.7,1,1,False
NH,149,area_code_415,False,False,0,119.2,88,168.3,110,204.7,119,12.2,6,4,True
TX,148,area_code_408,False,False,0,249.7,91,185.1,90,234.2,88,10.5,1,1,False
WV,23,area_code_510,False,True,31,156.6,84,161.5,96,294.6,107,9.4,6,1,False
AZ,12,area_code_408,False,False,0,249.6,118,252.4,119,280.2,90,11.8,3,1,True
NC,72,area_code_415,False,False,0,137.6,106,143.5,94,273.7,110,9.6,6,2,False
WV,116,area_code_415,False,False,0,255.5,93,224.4,122,317.3,85,12.7,4,1,True
SD,65,area_code_408,False,True,31,282.3,70,152.0,89,225.5,93,12.0,4,1,False
ID,67,area_code_510,False,True,30,186.2,117,286.7,76,164.3,113,12.9,3,2,False
DC,79,area_code_510,False,False,0,161.1,110,170.6,111,274.4,80,7.6,2,2,False
ME,73,area_code_408,False,False,0,272.4,112,252.2,91,255.4,112,10.9,5,1,True
MD,141,area_code_415,False,False,0,185.1,126,233.0,98,152.2,106,9.1,7,0,False
WY,58,area_code_510,False,False,0,210.1,126,248.9,108,158.6,88,14.4,2,4,False
ME,137,area_code_510,False,False,0,110.5,79,223.2,111,169.5,64,10.5,3,3,False
PA,122,area_code_415,False,False,0,35.1,62,180.8,89,251.6,58,12.7,2,1,False
MT,74,area_code_415,False,False,0,162.7,102,292.0,105,183.3,80,8.7,6,0,False
FL,105,area_code_415,False,False,0,273.8,97,289.7,106,269.1,126,5.8,3,2,True
ME,99,area_code_415,False,False,0,222.4,102,185.8,89,237.7,81,12.0,8,2,False
OR,166,area_code_510,False,False,0,199.6,93,214.3,99,196.8,110,7.2,5,3,False
MT,101,area_code_415,False,False,0,154.4,130,217.2,101,185.4,52,13.9,4,1,False
NH,94,area_code_415,False,False,0,114.4,115,183.9,79,205.2,78,5.9,2,3,False
KS,124,area_code_415,False,False,0,158.6,104,211.2,77,179.3,104,10.2,8,3,False
AK,146,area_code_510,True,False,0,133.0,65,262.8,93,214.3,128,11.2,3,1,False
OK,15,area_code_415,False,False,0,121.1,130,216.0,86,235.1,33,16.1,5,2,False
NH,123,area_code_415,False,True,22,197.6,105,80.0,86,120.8,82,15.6,12,2,False
KY,78,area_code_415,False,False,0,145.5,124,143.4,71,291.1,123,9.5,5,3,False
MI,81,area_code_415,False,False,0,153.5,99,197.6,102,198.5,86,6.3,2,2,False
WA,117,area_code_408,False,False,0,191.1,93,282.8,56,84.8,118,12.0,4,2,False
AL,181,area_code_415,False,True,27,190.3,93,249.0,127,215.7,82,10.6,4,1,False
NJ,65,area_code_415,False,False,0,97.9,138,173.0,102,262.2,92,9.2,4,1,False
GA,50,area_code_408,False,True,24,214.3,129,289.8,55,312.5,130,10.6,4,1,False
WA,46,area_code_510,False,False,0,90.4,108,276.2,77,146.5,111,12.7,2,1,False
UT,101,area_code_415,False,False,0,332.1,91,151.0,123,277.8,99,11.3,3,1,True
AK,136,area_code_415,True,True,33,203.9,106,187.6,99,101.7,107,10.5,6,3,False
SD,144,area_code_408,False,True,48,189.8,96,123.4,67,214.2,106,6.5,2,2,True
PA,92,area_code_408,False,True,28,151.1,90,194.8,79,239.2,114,10.0,3,1,False
NM,174,area_code_415,False,False,0,239.2,72,188.5,124,105.6,116,8.8,3,1,False
HI,169,area_code_408,False,False,0,240.7,119,141.1,102,120.6,56,7.7,2,2,False
WV,137,area_code_510,False,True,50,186.5,94,178.0,106,215.6,100,12.1,4,2,False
OH,144,area_code_415,False,True,18,106.4,109,108.1,113,208.4,111,10.1,5,1,False
HI,108,area_code_415,False,False,0,291.6,99,221.1,93,229.2,110,14.0,9,2,True
RI,152,area_code_415,False,False,0,189.5,108,218.4,69,291.1,81,11.0,2,3,False
TX,130,area_code_408,False,False,0,252.0,101,170.2,105,209.2,64,5.7,5,0,False
AZ,73,area_code_415,False,False,0,175.4,130,248.1,105,122.4,85,12.2,4,0,False
MS,107,area_code_510,False,True,30,198.9,87,207.0,90,159.8,76,12.6,4,3,False
WI,44,area_code_415,True,False,0,62.3,92,275.0,82,138.7,108,10.8,3,1,False
DE,79,area_code_415,False,True,34,103.7,100,236.3,78,256.6,102,14.8,4,2,False
WI,94,area_code_510,False,False,0,177.1,112,194.0,112,146.7,108,5.9,4,1,False
DC,108,area_code_408,False,True,35,215.9,106,200.6,107,195.4,107,15.5,7,0,False
ME,175,area_code_415,False,False,0,132.0,95,231.2,74,313.4,108,8.7,10,1,False
NM,93,area_code_415,False,False,0,239.8,70,251.8,99,168.6,112,10.9,10,1,False
DC,102,area_code_415,False,False,0,186.8,92,173.7,123,250.9,131,9.7,4,2,False
NH,74,area_code_510,False,False,0,233.6,72,168.0,103,276.3,71,6.3,2,2,False
SC,125,area_code_408,False,False,0,143.6,119,238.5,119,173.6,89,10.9,4,2,False
NV,102,area_code_415,False,False,0,144.4,87,266.5,128,217.6,59,7.1,7,0,False
KS,43,area_code_415,False,False,0,27.0,117,160.9,97,279.5,96,10.7,3,3,False
ME,88,area_code_415,False,False,0,85.7,112,221.6,70,190.6,75,11.6,3,4,True
NC,117,area_code_510,False,False,0,214.4,94,138.0,149,148.7,102,9.9,1,2,False
OH,100,area_code_510,False,False,0,278.0,76,176.7,74,219.5,126,8.3,4,0,True
OR,27,area_code_510,False,False,0,232.1,81,210.8,101,165.4,87,15.0,6,5,False
IA,79,area_code_415,False,False,0,157.5,90,223.8,83,241.1,98,12.2,4,1,False
VT,111,area_code_408,False,False,0,99.3,112,270.5,136,225.3,94,9.0,6,3,False
AL,95,area_code_415,False,False,0,194.6,114,232.8,106,173.4,92,3.8,2,3,False
KY,155,area_code_510,False,False,0,184.6,102,196.0,117,226.5,122,7.8,1,1,False
NJ,107,area_code_408,False,True,36,96.3,83,179.6,91,166.3,121,10.3,2,1,False
OR,149,area_code_415,False,False,0,242.5,83,245.4,97,219.6,80,10.0,3,3,True
RI,70,area_code_415,False,False,0,134.7,96,235.9,90,260.2,113,7.6,6,3,False
AL,91,area_code_510,True,False,0,129.9,112,173.3,83,247.2,130,11.2,3,3,False
NM,105,area_code_408,False,False,0,146.4,81,225.1,80,230.1,117,8.5,2,1,False
WI,127,area_code_415,False,False,0,218.6,93,149.9,130,204.6,131,9.2,5,2,False
OK,138,area_code_510,False,True,33,155.2,139,268.3,79,186.4,71,9.7,4,3,False
UT,116,area_code_415,False,True,44,230.6,94,224.1,103,244.0,76,11.1,2,0,False
NM,89,area_code_408,False,False,0,269.8,94,227.0,125,212.2,135,4.7,6,1,True
IL,63,area_code_415,False,True,26,214.2,80,253.0,152,156.4,109,10.3,2,2,False
IA,134,area_code_415,False,True,32,216.8,78,102.2,111,174.0,83,8.6,2,0,False
GA,74,area_code_510,False,True,31,249.4,70,209.5,59,180.6,75,9.9,2,4,False
MD,63,area_code_415,False,True,25,230.3,82,165.6,96,227.7,125,9.0,2,1,False
RI,128,area_code_510,False,False,0,212.4,118,148.6,108,214.8,98,9.8,5,1,False
DE,44,area_code_415,False,False,0,225.6,118,135.4,122,190.1,96,12.1,5,1,False
CO,131,area_code_415,False,True,23,170.8,145,236.7,93,294.5,100,12.7,1,1,False
AK,152,area_code_510,False,False,0,302.8,143,189.8,69,214.9,114,10.9,4,2,True
DE,73,area_code_415,False,False,0,254.8,85,143.4,80,153.9,102,15.0,7,2,False
NH,120,area_code_510,False,True,43,177.9,117,175.1,70,161.3,117,11.5,4,1,False
MS,143,area_code_510,False,False,0,155.4,112,290.9,92,228.4,91,13.9,5,1,False
CT,73,area_code_510,False,False,0,159.0,123,233.3,95,178.9,155,15.2,3,2,False
VA,106,area_code_415,False,False,0,235.2,121,220.6,87,236.3,91,11.8,4,1,False
ND,146,area_code_408,False,True,19,176.6,88,162.7,66,215.5,98,14.6,6,1,False
HI,53,area_code_510,True,False,0,145.0,80,228.4,82,169.4,109,8.9,5,0,False
DE,60,area_code_510,False,False,0,230.7,66,165.4,65,309.1,139,13.3,10,1,False
NV,21,area_code_510,False,False,0,197.6,105,206.4,88,169.6,143,9.6,2,3,False
NJ,42,area_code_408,False,True,16,240.8,80,212.6,121,271.7,138,9.4,4,1,False
TX,102,area_code_510,False,False,0,214.8,60,173.8,70,166.7,90,10.9,2,1,False
LA,34,area_code_408,False,False,0,151.1,92,211.7,86,205.8,72,9.8,4,0,False
VA,50,area_code_415,True,False,0,99.6,108,308.7,102,161.2,62,13.7,6,2,True
NJ,57,area_code_510,True,False,0,115.0,65,122.3,96,245.0,75,6.4,1,0,True
HI,134,area_code_415,False,True,38,214.4,93,211.7,57,165.0,79,10.0,8,1,False
GA,132,area_code_415,False,False,0,176.7,132,244.1,80,176.3,120,9.1,4,2,False
SC,73,area_code_415,False,False,0,203.3,45,141.9,87,200.7,71,8.5,6,0,False
AR,74,area_code_415,False,False,0,201.4,112,109.6,71,200.2,135,10.7,2,1,False
OH,20,area_code_415,False,True,27,231.6,105,223.3,120,212.0,99,8.9,4,1,False
LA,111,area_code_408,False,True,33,154.0,122,207.3,123,186.2,105,10.8,8,1,False
PA,52,area_code_408,False,False,0,215.9,67,217.0,108,342.8,130,5.2,2,1,False
UT,98,area_code_415,False,False,0,211.9,65,224.6,95,233.0,81,9.9,3,2,False
TX,65,area_code_415,False,False,0,143.6,98,187.7,96,200.2,104,9.3,2,3,True
MI,102,area_code_408,False,False,0,167.1,80,222.9,94,179.9,103,11.6,3,5,False
MA,132,area_code_415,False,False,0,138.7,101,257.5,85,165.6,92,7.8,1,2,False
MI,178,area_code_408,True,False,0,124.5,134,141.2,78,268.2,113,11.4,2,2,True
CT,160,area_code_415,False,False,0,234.9,136,270.8,134,219.3,101,13.9,2,1,True
VA,16,area_code_510,False,False,0,205.6,69,169.5,93,220.1,64,10.9,3,0,False
CO,37,area_code_408,False,False,0,199.5,107,207.5,110,83.9,123,8.1,4,2,False
AL,111,area_code_415,False,False,0,187.8,107,246.0,70,175.9,88,10.5,7,0,False
NM,56,area_code_408,False,False,0,146.1,57,196.2,97,310.1,110,9.2,3,0,False
WV,43,area_code_408,False,False,0,230.2,147,186.7,121,128.4,100,9.2,3,0,False
NY,15,area_code_510,True,False,0,141.4,80,123.9,76,323.5,88,8.1,3,2,False
OK,84,area_code_510,False,False,0,203.4,125,182.9,88,213.7,121,13.8,2,1,False
WY,2,area_code_415,False,True,27,141.7,125,160.7,136,170.3,81,9.3,2,1,False
UT,141,area_code_510,False,False,0,196.5,104,175.1,111,209.6,110,14.1,4,6,False
CO,125,area_code_415,False,False,0,131.8,97,136.7,100,308.2,119,7.7,6,2,False
OH,39,area_code_415,False,True,36,141.7,121,232.3,113,222.1,131,12.0,5,1,False
SD,78,area_code_408,False,False,0,163.6,88,283.4,93,262.1,108,8.6,9,0,False
OH,136,area_code_408,True,False,0,183.4,103,141.9,113,200.4,122,10.4,9,2,False
GA,64,area_code_408,False,False,0,124.1,117,192.8,108,162.9,84,6.4,5,3,False
TX,58,area_code_408,False,True,20,194.5,110,213.7,89,236.6,92,9.5,2,1,False
VT,42,area_code_415,False,False,0,217.2,122,303.2,58,147.3,114,14.0,4,2,False
ID,92,area_code_415,False,True,31,172.3,116,266.2,91,228.2,90,11.8,5,1,False
RI,80,area_code_510,False,False,0,202.4,118,260.2,67,177.4,112,9.2,5,3,False
ID,145,area_code_415,False,False,0,219.0,98,176.1,109,166.3,132,6.8,3,2,False
IN,58,area_code_415,False,True,22,224.1,127,238.8,85,174.2,86,11.5,7,2,False
TN,97,area_code_408,False,False,0,238.6,85,203.3,75,180.5,127,16.2,8,0,False
VA,141,area_code_415,False,False,0,217.1,110,241.5,111,253.5,103,12.0,6,0,False
ID,99,area_code_408,False,False,0,159.7,83,155.4,121,255.7,114,8.4,3,1,False
FL,68,area_code_415,False,True,24,176.0,118,277.9,116,174.7,71,14.7,7,1,False
PA,43,area_code_408,False,False,0,212.5,88,274.1,145,194.6,52,8.6,6,0,False
MA,73,area_code_408,False,False,0,94.1,136,280.3,122,205.0,77,9.8,4,0,False
OR,113,area_code_415,False,False,0,159.8,143,210.1,93,175.1,86,13.1,7,2,False
TN,93,area_code_510,True,False,0,168.4,114,276.0,127,196.2,48,11.4,3,1,False
WY,80,area_code_510,False,False,0,101.1,121,263.2,110,137.7,74,7.3,5,0,False
AR,87,area_code_408,False,False,0,185.8,119,192.3,83,200.0,96,6.6,4,1,False
ID,24,area_code_408,False,True,29,236.3,105,190.8,114,129.0,105,7.2,2,3,False
IN,122,area_code_408,False,False,0,170.5,94,173.7,109,248.6,75,11.3,2,1,False
MT,73,area_code_415,False,False,0,160.1,110,213.3,72,174.1,72,13.0,4,0,False
WY,151,area_code_415,False,False,0,170.2,89,187.5,83,119.5,100,4.3,3,0,False
DC,123,area_code_408,False,True,28,124.7,105,250.4,78,216.4,128,7.8,8,1,False
ID,93,area_code_415,False,False,0,216.2,100,182.8,136,237.9,66,7.8,3,2,False
SC,112,area_code_415,False,False,0,266.0,97,214.6,94,306.2,100,14.2,2,2,True
OH,135,area_code_415,False,False,0,173.4,107,222.0,84,64.2,94,13.7,6,1,False
NM,183,area_code_415,False,False,0,190.0,100,246.6,78,304.2,107,9.5,4,1,False
UT,121,area_code_415,False,True,41,215.5,95,241.8,92,147.0,108,9.6,3,1,False
GA,117,area_code_510,False,False,0,149.9,95,256.1,110,212.7,92,13.3,13,2,False
RI,190,area_code_415,False,True,26,116.7,71,145.9,88,175.1,103,9.9,3,1,False
WA,63,area_code_408,False,False,0,149.3,104,273.6,75,206.6,72,9.1,4,0,False
NJ,134,area_code_510,False,True,34,247.2,105,225.5,133,186.3,76,6.1,5,2,True
ID,61,area_code_415,False,False,0,234.6,126,200.7,76,171.1,81,8.1,2,0,False
AR,98,area_code_415,False,False,0,227.1,116,120.5,103,117.0,102,4.7,4,5,True
VT,100,area_code_510,False,False,0,254.2,97,262.0,88,256.3,82,13.6,6,0,True
RI,145,area_code_408,False,True,43,257.7,97,162.1,95,286.9,86,11.1,4,2,False
NM,178,area_code_415,False,True,35,175.4,88,190.0,65,138.7,94,10.5,3,2,False
CT,80,area_code_415,False,False,0,195.6,111,221.5,122,182.0,89,10.8,1,1,False
AZ,100,area_code_415,False,False,0,188.5,152,148.3,115,179.8,88,15.2,5,2,False
AL,106,area_code_415,False,False,0,223.0,121,110.1,98,188.7,107,7.1,12,0,False
WV,13,area_code_415,False,False,0,146.4,74,148.5,92,216.7,96,11.3,3,1,False
PA,167,area_code_415,True,False,0,181.2,122,262.5,77,214.0,88,8.4,4,0,False
FL,136,area_code_408,True,False,0,199.2,122,214.7,114,150.9,105,11.8,7,1,False
MN,152,area_code_415,True,True,20,237.5,120,253.4,94,265.2,80,14.2,3,9,True
TX,97,area_code_415,True,False,0,143.7,117,273.0,82,178.3,81,10.9,3,0,False
MN,166,area_code_408,False,False,0,152.1,95,121.0,105,198.0,126,9.8,5,0,False
MO,167,area_code_415,True,False,0,244.8,91,60.8,105,176.7,110,10.7,3,2,False
GA,89,area_code_415,False,False,0,213.0,63,176.6,71,262.6,126,9.1,1,1,True
IA,44,area_code_415,False,False,0,308.6,139,150.8,94,198.7,66,7.3,3,4,True
WV,66,area_code_415,False,False,0,180.4,99,135.1,114,206.0,98,9.5,6,1,False
OK,44,area_code_408,False,False,0,288.8,86,175.9,87,215.4,106,9.5,2,0,True
OH,159,area_code_510,False,False,0,168.5,80,203.9,119,199.1,126,8.1,2,1,False
MA,34,area_code_415,False,False,0,293.7,89,272.5,71,178.2,76,11.0,10,2,True
ND,118,area_code_408,False,False,0,224.6,94,225.9,120,269.0,105,12.5,8,2,False
ND,55,area_code_415,False,False,0,180.1,77,235.5,98,169.4,104,11.1,2,0,False
IA,75,area_code_415,False,False,0,138.5,110,153.2,86,215.6,103,11.1,7,1,False
CO,135,area_code_408,False,True,38,202.6,92,169.6,93,185.8,108,11.9,6,4,False
CA,84,area_code_415,False,False,0,280.0,113,202.2,90,156.8,103,10.4,4,0,True
CT,25,area_code_510,False,False,0,144.1,111,224.8,89,132.9,110,13.6,3,4,True
SC,137,area_code_510,False,False,0,109.8,112,223.5,88,247.5,96,17.8,2,1,False
OH,107,area_code_415,False,True,26,234.0,116,223.9,103,246.5,105,13.8,1,1,False
OR,175,area_code_415,False,False,0,185.0,104,325.8,86,85.4,105,14.6,2,1,False
DE,171,area_code_510,False,True,17,186.9,94,240.0,138,200.9,64,5.8,3,1,False
HI,169,area_code_415,False,False,0,179.2,111,175.2,130,228.6,92,9.9,6,2,False
WV,109,area_code_415,False,False,0,180.0,100,229.0,103,139.4,105,7.8,8,3,False
WI,62,area_code_415,False,False,0,86.3,84,238.7,99,238.4,79,12.5,1,2,False
VT,152,area_code_510,False,True,20,214.6,108,96.6,82,170.7,145,7.9,5,1,False
KY,113,area_code_415,False,False,0,215.6,96,193.4,127,105.4,115,13.5,3,1,False
MT,94,area_code_415,False,False,0,137.5,118,203.2,88,150.0,131,13.4,2,0,False
MA,106,area_code_408,False,False,0,186.2,97,257.7,89,164.3,106,11.0,4,2,False
CO,192,area_code_415,False,False,0,185.0,88,224.9,98,212.4,105,11.4,3,2,False
RI,99,area_code_510,False,False,0,217.2,112,246.7,89,226.1,89,15.8,7,3,False
NE,115,area_code_415,False,False,0,135.4,104,138.8,91,208.5,92,5.4,3,1,False
NH,93,area_code_408,False,False,0,179.3,93,188.8,65,253.2,88,12.1,5,1,False
IA,84,area_code_415,False,False,0,169.9,96,190.3,103,188.0,82,8.6,2,2,False
WI,75,area_code_415,False,False,0,184.8,126,198.6,103,103.0,90,8.3,3,1,False
AR,96,area_code_415,False,True,21,247.6,95,256.3,150,158.6,72,10.8,6,2,False
DC,144,area_code_415,False,False,0,133.3,101,255.5,127,228.6,68,11.6,2,0,False
TN,139,area_code_510,False,False,0,196.9,58,137.1,91,216.6,101,9.8,3,1,False
OH,93,area_code_415,False,True,42,152.3,90,267.5,102,266.9,130,11.3,5,7,False
OR,161,area_code_415,False,False,0,105.4,70,214.8,122,223.6,126,7.8,5,0,False
WV,67,area_code_408,False,False,0,167.8,91,167.7,69,110.3,71,8.4,12,1,False
MO,79,area_code_408,False,False,0,261.7,97,210.6,48,256.7,83,6.0,3,3,True
KY,22,area_code_415,False,False,0,222.9,97,172.6,91,187.6,99,10.1,3,1,False
NJ,118,area_code_408,False,False,0,178.4,81,182.7,119,251.4,109,10.8,2,1,False
NJ,160,area_code_415,False,False,0,118.9,106,163.5,75,195.0,131,13.1,4,0,False
PA,75,area_code_510,False,False,0,109.0,88,259.3,120,182.1,119,13.3,3,4,True
UT,190,area_code_415,False,True,22,166.5,93,183.0,92,121.0,102,8.5,3,0,False
WY,90,area_code_415,False,False,0,207.2,121,292.5,104,226.3,103,8.0,1,2,False
WA,105,area_code_415,False,False,0,132.3,105,144.5,89,195.5,127,5.4,3,0,False
NY,84,area_code_415,False,False,0,214.9,72,197.7,92,153.1,79,11.9,2,2,False
CT,134,area_code_408,False,False,0,177.2,91,228.7,105,194.3,113,8.9,3,2,False
KS,114,area_code_415,False,False,0,209.2,127,165.3,93,196.8,98,10.6,8,3,False
NE,95,area_code_510,False,False,0,88.0,81,145.9,109,237.7,90,9.8,2,2,False
MS,115,area_code_415,False,False,0,182.1,97,231.1,76,246.2,103,15.0,2,0,False
NV,136,area_code_415,False,True,21,179.4,88,181.1,97,320.7,120,9.5,4,2,False
VA,10,area_code_408,False,False,0,186.1,112,190.2,66,282.8,57,11.4,6,2,False
TN,61,area_code_415,False,True,38,139.8,108,58.3,120,203.4,160,9.7,1,3,False
GA,98,area_code_408,False,False,0,169.9,77,138.3,155,142.6,105,8.5,7,1,False
CT,41,area_code_415,False,True,24,247.6,97,199.7,106,217.7,91,12.1,6,1,False
LA,59,area_code_415,False,False,0,119.0,119,134.5,115,298.6,75,9.0,6,2,True
TX,38,area_code_415,False,True,38,175.6,127,260.5,118,199.5,109,12.3,2,2,False
WY,115,area_code_415,True,True,6,140.1,125,157.9,100,249.4,96,10.1,3,1,False
GA,76,area_code_408,False,False,0,203.6,61,161.7,127,175.9,97,8.4,3,0,False
ND,105,area_code_510,False,False,0,246.4,83,256.2,101,169.0,151,3.8,4,0,False
TX,138,area_code_415,False,False,0,217.2,73,190.8,127,133.5,97,5.2,3,4,False
MT,142,area_code_415,False,True,22,198.3,144,157.2,96,180.9,114,11.1,4,2,False
VT,75,area_code_510,False,False,0,209.4,133,211.5,121,291.2,123,7.2,4,1,False
MS,73,area_code_415,False,True,31,82.3,105,256.1,91,229.6,98,11.8,2,6,True
KY,74,area_code_510,True,False,0,125.8,103,207.7,96,207.4,143,14.1,4,1,True
WY,94,area_code_408,False,False,0,207.0,109,167.4,80,238.2,117,2.6,6,1,False
VA,118,area_code_415,False,False,0,154.6,112,184.2,105,217.4,102,12.6,5,2,False
CO,111,area_code_510,False,True,24,205.5,114,219.3,99,215.9,95,14.0,4,1,False
NC,109,area_code_510,True,False,0,209.1,141,205.0,93,119.4,111,7.8,3,2,False
MA,142,area_code_408,False,False,0,216.8,134,187.8,106,138.1,108,8.3,2,0,False
ME,57,area_code_415,False,True,33,193.4,105,231.6,79,226.2,90,11.1,11,2,False
CT,74,area_code_510,False,False,0,203.8,77,205.1,111,154.9,109,9.0,2,1,False
NE,105,area_code_408,False,False,0,162.3,99,212.5,95,214.7,114,11.1,8,4,False
UT,117,area_code_510,False,True,20,205.7,98,136.1,107,159.4,147,8.7,3,2,False
DC,169,area_code_415,True,False,0,57.1,98,199.7,78,274.7,103,6.5,6,3,False
CO,118,area_code_408,False,False,0,188.8,60,217.4,64,220.1,100,8.2,7,4,False
ID,110,area_code_415,False,False,0,170.1,87,216.6,98,225.0,88,10.8,3,2,False
IN,69,area_code_408,False,False,0,185.3,91,219.1,88,243.6,107,5.5,5,0,False
KS,107,area_code_415,False,False,0,260.5,108,102.4,110,129.7,148,9.8,5,1,False
TN,93,area_code_510,False,True,23,196.0,91,156.3,107,200.5,68,15.3,2,1,False
MI,97,area_code_408,False,True,32,168.4,129,225.9,97,191.8,95,8.5,7,0,False
IA,157,area_code_415,False,False,0,248.7,113,251.8,79,262.7,46,7.5,3,5,True
NJ,111,area_code_510,False,False,0,176.9,128,102.8,56,213.7,84,10.5,2,4,True
VA,121,area_code_415,False,False,0,134.1,112,195.1,104,159.6,139,10.5,2,2,False
MT,83,area_code_415,False,False,0,188.3,70,243.8,88,213.7,79,10.3,6,0,False
ND,136,area_code_510,True,False,0,256.8,90,230.1,104,143.6,82,9.1,10,3,False
OH,65,area_code_510,False,False,0,153.9,117,220.1,122,280.5,147,8.5,3,2,False
AZ,94,area_code_415,False,False,0,220.8,111,156.2,67,187.9,89,10.5,4,2,False
DC,126,area_code_415,False,False,0,161.4,110,220.6,125,249.2,78,5.1,2,0,False
WA,63,area_code_408,False,False,0,211.7,107,271.7,77,203.3,108,7.4,7,0,False
RI,120,area_code_415,False,True,23,221.9,114,254.7,84,250.5,117,7.2,5,2,False
AZ,140,area_code_408,False,False,0,149.8,134,164.4,98,294.7,124,8.1,2,1,False
MT,64,area_code_415,False,True,18,211.4,111,150.8,67,216.5,87,10.5,2,2,False
FL,110,area_code_415,False,False,0,242.5,110,162.3,140,184.1,86,7.8,3,4,False
NC,162,area_code_408,False,True,26,179.7,144,218.1,129,212.3,105,9.3,8,1,True
NJ,137,area_code_415,False,False,0,243.4,114,121.2,110,162.6,104,12.2,5,0,False
RI,107,area_code_510,True,False,0,194.4,83,247.8,84,245.4,93,11.2,7,2,False
MD,139,area_code_415,False,False,0,181.6,119,335.7,118,149.8,64,8.3,6,4,False
GA,103,area_code_415,False,True,28,121.0,105,270.4,100,160.5,76,7.7,4,2,False
DC,217,area_code_415,False,False,0,123.7,138,248.5,105,269.6,78,13.3,4,0,False
SD,75,area_code_408,False,False,0,147.5,110,191.7,97,135.0,68,16.4,3,2,False
OK,172,area_code_408,False,False,0,203.9,109,234.0,123,160.7,65,17.8,4,4,False
VT,57,area_code_415,False,False,0,169.6,96,234.7,112,285.4,83,11.2,4,0,False
WV,44,area_code_510,False,False,0,228.1,121,276.5,79,279.8,77,9.9,5,2,True
OH,70,area_code_510,False,True,23,205.5,95,224.3,80,196.1,76,9.7,4,1,False
NC,89,area_code_408,False,False,0,105.9,151,189.6,142,170.9,67,12.7,7,0,False
CT,137,area_code_415,False,False,0,115.0,130,137.8,83,224.0,61,7.3,4,3,False
UT,100,area_code_408,False,False,0,185.0,122,182.5,92,274.9,92,5.1,8,1,False
OR,149,area_code_415,True,False,0,176.2,87,145.0,81,249.5,92,5.7,4,0,False
FL,101,area_code_408,False,False,0,131.0,148,237.7,126,281.3,111,12.6,4,3,False
NY,106,area_code_408,False,False,0,158.7,74,64.3,139,198.5,103,10.2,4,1,False
WV,131,area_code_510,False,False,0,256.6,96,225.2,113,190.2,91,11.1,3,1,True
MN,178,area_code_510,False,False,0,225.4,104,110.7,90,134.1,109,15.3,5,2,True
NY,31,area_code_408,False,True,28,171.8,116,240.7,125,245.5,80,10.6,7,1,False
MT,157,area_code_408,False,False,0,240.2,67,153.0,98,249.0,72,10.2,6,2,False
CT,64,area_code_415,True,False,0,225.3,134,108.2,87,139.6,132,17.3,9,1,True
VT,105,area_code_510,False,False,0,167.7,93,234.1,103,169.7,121,6.9,5,3,False
MT,124,area_code_415,False,True,30,144.5,35,262.3,101,226.5,82,12.0,7,2,False
NH,123,area_code_408,False,False,0,224.0,99,210.7,80,231.9,75,2.1,5,0,False
UT,82,area_code_510,False,False,0,191.9,95,116.7,105,202.6,113,8.2,5,0,False
VT,142,area_code_415,False,False,0,232.5,74,181.8,142,203.1,86,10.4,6,4,False
WY,142,area_code_408,False,True,34,219.5,85,144.0,120,258.2,84,7.0,3,1,False
WI,91,area_code_408,False,True,44,216.6,101,173.1,98,242.1,95,9.1,3,1,False
TN,161,area_code_415,False,False,0,198.0,90,186.4,102,219.2,90,9.3,2,1,False
IA,157,area_code_510,False,False,0,102.9,94,229.1,96,198.7,129,13.6,2,1,False
NM,141,area_code_415,False,True,28,206.9,126,264.4,126,171.8,124,9.3,11,2,False
OR,95,area_code_415,False,False,0,269.0,120,233.7,120,179.3,61,7.3,4,2,True
CT,87,area_code_415,False,False,0,240.0,83,134.1,106,189.1,84,9.3,2,0,True
DE,87,area_code_415,False,False,0,177.2,72,248.9,105,200.8,87,8.6,7,3,False
LA,69,area_code_415,False,False,0,245.6,128,173.0,101,111.8,118,14.2,7,2,False
NV,134,area_code_408,False,False,0,177.1,120,218.1,123,183.8,93,12.7,5,3,False
OK,49,area_code_415,False,False,0,213.8,79,265.1,93,239.8,128,15.6,7,0,False
NH,139,area_code_510,False,False,0,221.3,140,157.8,89,192.5,89,11.3,6,1,False
MT,117,area_code_415,False,False,0,233.4,71,296.4,76,276.9,103,10.3,1,0,True
AR,34,area_code_510,False,False,0,124.8,82,282.2,98,311.5,78,10.0,4,2,False
VA,139,area_code_510,False,True,23,157.6,129,247.0,96,259.2,112,13.7,2,0,False
MS,140,area_code_415,False,False,0,265.0,100,147.6,89,247.7,94,10.7,3,1,False
NY,148,area_code_408,False,False,0,208.4,120,174.4,99,310.7,105,11.2,4,1,False
WA,73,area_code_510,True,False,0,202.9,108,285.9,121,219.0,102,12.8,5,1,False
MD,96,area_code_415,False,False,0,149.2,125,210.6,119,290.5,102,9.4,3,4,False
WY,68,area_code_510,False,False,0,195.4,116,212.1,101,138.4,134,15.1,11,1,False
WV,124,area_code_415,False,False,0,312.0,112,180.0,109,168.6,94,12.8,4,1,True
DE,57,area_code_510,False,False,0,165.1,91,240.8,56,277.0,100,9.5,3,2,False
GA,18,area_code_415,False,False,0,156.0,88,213.8,127,244.9,113,11.4,9,1,False
ID,118,area_code_415,False,False,0,140.4,112,187.1,60,207.9,155,7.9,1,0,False
IN,32,area_code_415,False,False,0,103.6,78,238.5,115,186.9,70,11.0,4,2,False
WI,107,area_code_510,False,True,25,248.6,91,119.3,115,194.3,83,12.0,1,1,False
MD,90,area_code_415,False,False,0,145.6,103,197.1,137,294.5,83,10.5,4,0,False
DE,119,area_code_415,False,False,0,176.8,90,224.7,81,204.6,77,7.5,15,1,False
CT,40,area_code_510,True,False,0,220.8,100,265.7,106,212.8,94,6.4,3,0,False
MN,55,area_code_415,False,False,0,175.6,147,161.8,118,289.5,55,9.3,4,0,False
TX,152,area_code_415,False,False,0,141.5,102,263.0,94,207.1,113,3.4,4,2,False
ID,89,area_code_415,False,True,15,274.0,83,192.2,97,125.9,141,11.9,2,0,False
NY,131,area_code_415,False,False,0,264.2,118,180.0,89,223.9,104,10.7,1,2,False
NE,74,area_code_415,False,True,25,194.6,84,119.9,103,175.5,75,13.1,2,2,False
ND,141,area_code_415,False,False,0,208.5,129,190.3,86,144.7,93,12.0,9,1,False
NV,25,area_code_415,False,False,0,250.1,108,221.9,97,208.5,84,11.1,3,2,False
NJ,129,area_code_415,False,False,0,168.4,117,217.1,129,81.6,100,11.8,7,1,False
WV,74,area_code_510,False,False,0,124.0,102,262.1,101,268.2,98,11.7,2,2,False
NC,128,area_code_510,False,False,0,187.3,84,270.8,95,206.4,68,10.1,5,1,False
IA,113,area_code_408,False,False,0,193.8,99,221.4,125,172.3,67,10.6,6,1,False
OK,89,area_code_510,False,False,0,303.9,95,260.9,114,312.1,89,5.3,3,1,True
ND,181,area_code_510,False,True,16,196.0,85,107.1,119,205.9,110,9.7,1,1,False
FL,202,area_code_415,False,False,0,168.9,88,235.8,98,273.2,108,14.6,3,3,False
TN,3,area_code_510,True,False,0,161.0,96,244.9,82,180.8,103,7.7,6,1,False
AL,136,area_code_510,False,False,0,109.4,91,207.5,111,135.0,107,11.6,5,0,False
CT,93,area_code_415,False,False,0,271.1,101,237.4,133,145.4,103,8.4,6,1,True
KY,94,area_code_408,False,False,0,139.1,93,237.9,100,227.1,59,11.4,3,1,False
WV,43,area_code_415,False,False,0,168.4,125,243.8,89,214.7,102,11.1,2,1,False
OK,149,area_code_510,False,False,0,117.2,99,227.7,74,221.7,141,9.0,7,1,False
FL,147,area_code_415,False,False,0,155.1,117,239.7,93,208.8,133,10.6,4,0,False
NE,139,area_code_415,False,True,25,138.3,96,80.6,79,163.7,83,8.3,8,0,False
ME,33,area_code_510,False,True,16,125.1,56,246.6,140,235.4,109,12.1,2,0,False
MI,105,area_code_510,False,False,0,140.6,109,178.6,51,217.0,83,6.8,3,2,False
RI,90,area_code_510,False,False,0,190.0,98,196.1,111,216.4,58,8.0,6,2,False
IL,70,area_code_408,False,False,0,176.5,85,119.2,93,227.7,90,8.7,5,1,False
DC,151,area_code_415,False,True,27,154.4,141,210.6,109,167.9,109,7.8,3,3,False
OR,89,area_code_415,False,True,12,188.0,105,151.3,107,201.9,132,10.5,3,2,False
MA,71,area_code_510,False,False,0,290.4,108,253.9,92,263.3,126,10.1,5,3,True
RI,129,area_code_415,False,True,33,119.6,104,278.7,88,263.4,175,5.9,2,2,False
ME,48,area_code_510,False,False,0,200.5,117,225.3,123,134.0,89,6.7,5,4,False
CO,71,area_code_415,False,False,0,217.7,114,182.0,105,113.5,87,8.5,10,4,False
NM,103,area_code_408,False,False,0,107.9,111,166.9,129,208.5,78,9.7,3,1,False
MS,78,area_code_415,False,False,0,87.7,74,214.8,58,201.3,147,10.8,6,1,False
SD,64,area_code_415,False,False,0,174.5,98,180.2,103,179.0,89,10.7,2,2,False
TN,96,area_code_415,False,False,0,264.6,117,264.1,121,77.1,89,8.1,4,0,False
FL,131,area_code_408,False,False,0,136.8,84,179.4,81,235.2,151,5.0,3,2,False
IA,46,area_code_510,False,False,0,199.2,111,175.1,83,210.6,84,10.2,2,3,False
KY,72,area_code_415,False,False,0,198.4,147,216.9,121,112.8,125,13.1,4,0,False
MS,61,area_code_510,False,True,27,187.5,124,146.6,103,225.7,129,6.4,6,4,True
NY,108,area_code_415,False,True,19,312.4,98,271.4,122,162.6,91,10.1,6,0,False
SD,110,area_code_408,False,True,40,202.6,103,118.8,128,234.9,98,9.0,9,2,False
CT,174,area_code_415,False,False,0,72.2,80,173.4,81,130.1,121,11.0,5,2,False
NJ,94,area_code_415,False,False,0,145.4,92,172.8,103,183.9,43,9.3,3,2,False
NH,83,area_code_415,False,False,0,231.3,100,210.4,84,217.4,106,12.4,2,3,False
LA,123,area_code_510,False,True,32,212.3,77,251.5,78,208.7,85,6.6,2,3,False
MS,145,area_code_408,True,False,0,113.0,63,187.0,131,146.8,61,10.9,7,1,False
MA,127,area_code_408,True,False,0,176.9,110,167.9,100,182.2,138,7.7,2,1,True
AZ,109,area_code_415,True,False,0,268.4,85,150.6,131,297.9,84,9.7,8,2,True
HI,128,area_code_510,False,True,28,115.4,96,185.4,94,209.3,69,17.7,4,0,False
PA,176,area_code_415,False,False,0,169.5,151,112.9,84,56.6,99,8.7,4,0,False
NC,75,area_code_408,False,False,0,170.7,101,193.1,126,129.1,104,6.9,7,1,False
UT,76,area_code_415,False,False,0,212.5,124,215.5,110,128.0,94,5.2,9,3,False
FL,166,area_code_510,True,False,0,47.7,89,264.4,95,235.2,97,13.2,3,0,True
AZ,100,area_code_510,False,False,0,78.7,98,225.6,102,150.4,106,14.0,8,0,False
MT,106,area_code_510,False,False,0,169.4,107,197.2,71,202.2,79,10.7,4,1,False
IN,88,area_code_415,False,False,0,82.7,94,157.5,130,205.9,81,10.6,4,0,True
MA,92,area_code_408,False,True,21,227.8,107,156.4,70,259.7,72,12.4,3,0,False
CT,100,area_code_415,False,True,38,177.1,88,163.7,108,242.7,72,7.4,2,0,False
TX,65,area_code_415,False,False,0,217.9,89,238.8,101,194.4,105,6.6,4,0,False
MD,116,area_code_510,True,True,27,175.5,137,210.6,60,294.8,121,6.9,5,1,False
DE,136,area_code_408,True,True,29,85.2,98,230.4,85,243.6,104,9.0,3,2,False
MT,147,area_code_415,False,True,35,197.3,134,141.1,99,212.1,90,10.1,4,2,True
MS,64,area_code_408,True,False,0,236.2,77,218.6,85,194.1,97,13.2,2,2,True
VA,146,area_code_415,True,False,0,111.1,126,313.4,95,215.7,82,10.5,6,1,False
WI,105,area_code_408,False,False,0,147.7,103,222.7,78,163.5,102,12.8,3,2,False
DE,125,area_code_408,False,False,0,126.7,108,206.0,90,247.8,114,13.3,7,1,False
TX,98,area_code_408,False,True,19,110.5,87,227.8,97,243.6,84,11.0,4,1,False
MS,103,area_code_510,False,True,29,164.1,111,219.1,96,220.3,108,12.3,9,0,False
NY,64,area_code_415,True,False,0,346.8,55,249.5,79,275.4,102,13.3,9,1,True
IN,35,area_code_510,False,True,23,194.6,106,199.8,132,189.6,88,10.1,7,4,False
AR,109,area_code_510,False,False,0,170.7,101,240.2,82,119.0,112,11.4,4,2,False
AL,85,area_code_415,False,False,0,210.3,66,195.8,76,221.6,82,11.2,7,1,False
TN,59,area_code_415,False,False,0,160.9,95,251.2,65,273.4,97,5.0,5,3,False
MA,150,area_code_408,False,True,27,209.8,112,155.0,80,251.5,111,7.2,6,0,False
CT,95,area_code_415,False,False,0,198.4,113,235.9,144,325.6,99,10.1,3,0,False
AK,51,area_code_510,True,True,12,135.8,60,200.6,134,192.4,98,12.3,7,2,False
RI,150,area_code_415,False,True,29,209.9,77,158.0,52,141.9,113,6.6,1,0,False
MA,113,area_code_510,False,False,0,193.1,93,206.4,85,215.9,102,11.1,2,1,False
MO,110,area_code_408,False,False,0,222.7,94,105.8,98,214.8,78,13.5,4,1,False
SD,158,area_code_415,False,False,0,98.2,87,198.3,71,246.0,99,13.0,5,2,False
CA,120,area_code_415,False,False,0,252.1,110,226.1,103,155.6,83,13.8,3,1,False
NV,113,area_code_510,False,False,0,245.3,108,259.9,140,204.3,115,10.7,2,3,True
DE,64,area_code_415,False,True,27,201.3,101,143.8,89,150.2,127,12.3,3,1,False
RI,133,area_code_510,True,False,0,127.3,108,251.3,81,135.0,88,10.3,3,1,False
IL,21,area_code_415,False,False,0,146.0,78,109.7,79,247.4,108,6.8,7,0,False
IN,117,area_code_415,False,False,0,118.4,126,249.3,97,227.0,56,13.6,3,5,True
LA,121,area_code_408,False,False,0,181.5,121,218.4,98,161.6,103,8.5,5,1,False
NH,103,area_code_408,False,False,0,150.6,125,169.1,126,221.2,104,10.4,8,8,True
TN,3,area_code_415,False,False,0,185.0,120,203.7,129,170.5,89,14.1,3,3,False
AL,141,area_code_408,False,False,0,242.8,90,234.1,80,211.5,104,6.0,3,5,False
IN,160,area_code_510,False,True,33,137.0,100,203.5,82,218.7,64,5.8,4,2,False
TX,130,area_code_415,False,False,0,176.9,109,90.7,104,238.0,69,9.5,2,1,False
ME,97,area_code_510,False,False,0,211.0,76,189.0,100,123.0,102,4.7,4,3,False
WI,84,area_code_510,False,True,12,89.7,87,138.6,73,165.8,114,10.7,2,1,False
IN,100,area_code_510,False,False,0,216.2,107,215.6,84,138.4,127,10.2,3,0,False
MN,44,area_code_408,False,False,0,207.2,90,178.6,76,182.0,74,0.0,0,0,False
ID,42,area_code_510,False,False,0,166.8,138,212.4,78,194.7,70,12.4,9,2,False
NM,93,area_code_510,False,True,21,117.9,131,164.5,115,217.0,86,9.8,3,1,False
RI,63,area_code_415,False,False,0,180.5,126,230.0,98,232.5,73,10.6,3,0,False
NH,81,area_code_415,False,True,17,145.7,89,202.9,70,212.4,92,9.5,5,1,False
MD,121,area_code_510,False,False,0,190.7,103,183.5,117,220.8,103,9.8,4,3,False
NE,94,area_code_415,False,False,0,252.6,104,169.0,125,170.9,106,11.1,7,2,False
IN,117,area_code_415,True,True,22,196.0,82,322.7,82,225.6,120,3.7,5,1,False
VA,130,area_code_415,False,False,0,138.7,68,205.6,102,231.2,108,13.6,3,2,False
OH,96,area_code_415,False,False,0,106.6,128,284.8,87,178.9,92,14.9,7,1,False
NE,123,area_code_510,False,False,0,194.0,118,242.0,114,146.3,108,12.1,4,1,False
SD,98,area_code_415,False,False,0,307.2,65,138.6,97,381.6,99,10.2,4,2,True
GA,70,area_code_415,False,True,20,230.2,110,177.5,111,206.3,38,11.9,2,0,False
RI,123,area_code_510,False,True,23,245.0,88,265.0,105,239.7,108,14.9,3,2,False
ND,81,area_code_408,True,True,37,237.1,76,264.2,125,271.3,120,7.9,3,1,False
WY,97,area_code_415,False,True,24,133.2,135,217.2,58,70.6,79,11.0,3,1,False
HI,60,area_code_510,False,False,0,179.4,108,263.2,74,133.3,78,13.4,7,2,False
AK,127,area_code_408,False,False,0,182.3,124,169.9,110,184.0,116,9.3,3,1,False
ID,106,area_code_510,False,False,0,274.4,120,198.6,82,160.8,62,6.0,3,1,False
MO,87,area_code_510,False,False,0,261.0,83,144.2,95,284.4,119,16.3,1,4,False
IL,48,area_code_510,False,False,0,128.2,71,48.1,78,116.3,80,8.9,3,0,False
ID,130,area_code_415,False,False,0,139.0,98,120.2,116,160.4,113,14.5,2,3,False
KY,172,area_code_415,False,False,0,172.5,85,253.1,71,221.6,113,5.9,6,0,False
KS,120,area_code_510,False,False,0,158.0,110,197.0,103,154.9,132,10.0,5,1,False
NJ,138,area_code_510,False,False,0,220.2,89,88.3,125,195.3,79,12.9,5,0,False
ME,69,area_code_510,False,False,0,194.2,122,242.1,81,215.8,80,9.7,3,2,False
IA,79,area_code_415,False,True,12,62.4,119,237.6,96,193.4,116,7.8,2,0,False
MN,50,area_code_415,False,False,0,157.1,90,223.3,72,181.4,111,6.1,2,1,False
NY,77,area_code_415,False,True,33,143.0,101,212.2,102,104.9,120,15.3,4,5,True
MN,40,area_code_510,False,False,0,81.7,123,210.2,108,212.0,64,11.3,3,6,True
AK,110,area_code_408,False,False,0,100.1,90,233.3,93,204.4,57,11.1,8,3,False
AL,92,area_code_408,False,True,38,242.2,96,159.7,144,210.0,108,8.9,1,1,False
TX,110,area_code_415,False,False,0,149.2,128,112.8,101,156.3,111,12.2,4,1,False
IN,100,area_code_415,False,True,33,218.7,104,155.0,144,99.0,117,12.1,4,1,False
ME,176,area_code_415,False,False,0,223.2,76,214.4,131,154.4,80,10.1,2,3,False
SC,145,area_code_408,False,False,0,39.5,78,264.3,106,185.8,90,10.0,6,0,False
WA,136,area_code_415,False,True,16,90.4,105,201.3,109,227.1,115,13.1,4,0,False
WA,100,area_code_408,False,False,0,70.8,94,215.6,102,230.8,125,9.5,1,6,True
PA,61,area_code_408,False,True,40,105.0,78,180.6,100,174.1,115,10.2,2,2,True
PA,96,area_code_510,False,False,0,179.5,125,162.3,139,264.5,133,6.6,2,1,False
RI,93,area_code_415,False,False,0,98.4,78,249.6,129,248.2,114,14.2,4,1,False
TX,50,area_code_510,False,False,0,188.9,94,203.9,104,151.8,124,11.6,8,3,False
HI,3,area_code_408,False,False,0,139.0,99,250.7,108,286.2,87,6.1,3,4,False
SD,88,area_code_415,False,False,0,215.6,115,216.2,85,171.3,65,11.8,1,3,False
NM,56,area_code_408,False,False,0,197.0,110,222.8,102,225.3,91,10.6,6,2,False
AZ,93,area_code_415,False,False,0,271.6,71,229.4,108,77.3,121,10.9,3,2,False
MT,101,area_code_408,False,True,16,118.9,112,228.3,97,180.1,111,8.2,5,2,False
DC,55,area_code_510,True,False,0,106.1,77,123.5,100,96.4,92,12.9,3,0,False
CO,65,area_code_510,False,False,0,158.8,53,188.5,132,189.3,87,9.8,4,2,False
AL,121,area_code_415,False,False,0,168.9,128,123.9,99,266.3,105,2.9,7,2,False
AZ,100,area_code_415,False,False,0,131.1,108,176.2,81,89.7,81,4.3,4,1,False
NE,154,area_code_415,False,False,0,191.4,93,205.4,119,205.7,121,10.2,3,3,False
MO,109,area_code_415,False,True,39,86.4,69,189.1,108,225.4,119,4.8,4,2,False
LA,96,area_code_408,False,False,0,102.1,74,93.7,88,236.2,125,14.0,2,1,False
MA,40,area_code_408,False,True,31,224.7,69,134.5,81,120.3,104,7.5,5,1,True
AK,96,area_code_408,False,True,29,150.0,91,159.4,75,228.1,55,8.5,3,1,False
NM,119,area_code_415,True,True,15,160.0,95,209.5,110,82.3,107,8.7,5,5,True
RI,121,area_code_510,False,True,20,211.9,110,215.1,120,238.5,107,9.4,2,0,False
WY,171,area_code_415,False,False,0,231.2,135,188.7,74,206.9,124,12.3,1,1,False
PA,84,area_code_415,False,False,0,109.1,114,231.4,113,274.0,112,9.6,4,0,False
NV,105,area_code_415,True,False,0,228.4,100,145.1,108,245.3,140,7.7,7,0,False
RI,94,area_code_415,False,False,0,139.4,95,159.1,92,128.2,129,7.7,3,0,False
ME,56,area_code_408,False,False,0,221.9,112,278.2,122,288.1,85,7.1,5,0,True
SD,116,area_code_415,False,False,0,63.7,101,195.8,95,210.1,87,10.0,6,1,False
ID,139,area_code_408,False,False,0,187.4,86,169.3,116,153.4,88,11.7,3,1,False
WA,121,area_code_408,False,False,0,207.9,98,210.5,96,109.6,114,7.7,2,2,False
VT,101,area_code_415,False,False,0,153.8,89,234.0,89,196.3,77,11.6,2,4,False
LA,115,area_code_415,False,True,26,170.5,107,217.2,77,225.7,71,13.6,5,6,False
NE,88,area_code_408,False,True,28,190.6,104,237.3,105,211.6,116,9.8,1,2,False
WY,114,area_code_415,False,False,0,178.3,86,176.5,99,187.1,83,13.8,2,1,False
NJ,88,area_code_510,False,False,0,144.3,116,156.4,74,214.7,90,7.8,10,3,False
ME,163,area_code_415,False,True,30,195.2,123,126.4,115,221.0,90,9.0,5,5,True
VA,163,area_code_415,False,False,0,202.9,100,178.6,46,203.8,116,12.8,3,5,False
MA,19,area_code_415,False,True,29,142.7,94,129.9,60,165.3,65,10.0,4,0,False
MD,115,area_code_408,False,False,0,254.8,97,153.5,110,217.6,117,9.0,4,1,False
NC,74,area_code_415,False,False,0,102.7,89,149.3,100,188.1,114,11.0,5,0,False
DC,138,area_code_415,False,False,0,170.5,87,118.2,116,187.9,111,11.2,7,2,False
MO,99,area_code_408,False,False,0,193.3,51,240.1,117,145.7,92,12.2,4,1,False
WY,65,area_code_415,False,True,21,135.1,120,238.4,90,286.4,93,11.0,9,4,False
MN,93,area_code_415,False,False,0,172.0,80,219.1,76,169.8,108,10.3,3,0,False
RI,87,area_code_510,True,False,0,134.2,80,165.0,71,173.1,102,10.7,5,0,False
DC,112,area_code_415,True,False,0,217.6,110,195.7,105,178.8,106,10.4,8,2,False
NM,55,area_code_510,False,False,0,286.7,100,134.4,121,192.9,122,6.9,5,2,False
PA,79,area_code_415,False,False,0,268.3,114,185.5,111,264.6,88,6.3,7,1,True
NY,98,area_code_408,False,False,0,171.7,99,174.8,87,189.6,130,7.8,6,1,False
MN,115,area_code_510,True,False,0,122.0,110,220.2,100,179.7,124,10.8,2,2,True
TN,74,area_code_510,False,False,0,159.4,86,210.0,122,172.4,99,8.5,2,1,False
AZ,97,area_code_510,False,False,0,252.6,89,340.3,91,256.5,67,8.8,5,1,True
UT,96,area_code_510,True,False,0,99.8,101,253.6,83,112.5,75,7.5,6,0,False
MS,116,area_code_415,False,False,0,217.3,91,216.1,95,148.1,76,11.3,3,2,False
IN,88,area_code_415,True,True,25,288.5,114,203.4,74,228.4,117,13.0,5,1,False
NM,41,area_code_415,False,False,0,232.1,74,327.1,88,226.5,119,10.9,2,3,True
NV,76,area_code_510,True,False,0,241.0,120,231.8,96,220.2,67,9.9,1,1,True
VA,102,area_code_408,False,False,0,156.5,67,204.3,103,141.9,72,9.9,2,2,False
VA,99,area_code_408,False,False,0,130.4,121,219.9,103,84.1,85,9.8,3,2,False
MN,52,area_code_415,False,True,32,130.1,68,247.2,77,289.4,87,13.5,5,2,False
RI,60,area_code_415,False,False,0,221.0,94,308.2,72,233.2,94,10.1,5,1,True
MN,161,area_code_415,False,True,39,218.5,76,112.7,94,205.1,121,7.3,4,1,False
MN,179,area_code_415,False,False,0,170.7,54,191.1,108,214.6,107,13.3,4,1,False
MA,86,area_code_510,False,False,0,176.3,79,259.2,97,287.4,78,6.2,3,0,False
KS,67,area_code_510,False,False,0,129.0,78,188.0,116,235.0,102,11.2,3,2,False
WV,21,area_code_415,False,False,0,91.9,109,198.4,111,171.7,125,13.0,7,2,False
MN,161,area_code_408,False,False,0,252.3,120,243.8,98,284.4,96,9.2,2,1,True
TX,38,area_code_510,False,False,0,149.0,92,49.2,78,163.3,93,13.9,11,0,False
SC,48,area_code_510,False,False,0,168.6,93,246.0,61,269.9,102,11.4,7,1,False
SC,72,area_code_415,False,False,0,207.8,92,195.7,110,184.8,124,13.1,4,0,False
CT,56,area_code_415,False,False,0,162.3,99,149.1,78,255.5,115,14.8,1,4,True
NE,66,area_code_415,False,False,0,34.0,133,278.6,61,129.6,120,11.5,3,0,False
SC,77,area_code_510,False,True,28,135.9,117,244.5,102,207.5,74,11.5,3,4,True
MA,85,area_code_415,False,False,0,274.7,79,119.4,122,296.9,74,9.4,10,1,False
OR,89,area_code_415,False,False,0,111.2,101,122.1,94,180.8,85,12.6,2,3,False
UT,162,area_code_408,False,False,0,184.5,118,224.0,95,180.5,82,11.6,3,1,False
VA,71,area_code_415,False,True,49,174.0,122,168.6,85,132.1,120,7.8,4,1,False
NE,194,area_code_408,False,False,0,48.4,101,281.1,138,218.5,87,18.2,1,1,False
UT,90,area_code_415,False,False,0,261.8,128,220.6,104,136.6,91,9.6,5,1,False
FL,130,area_code_415,False,False,0,162.8,113,290.3,111,114.9,140,7.2,3,1,False
KS,33,area_code_415,False,False,0,228.1,77,176.3,102,224.5,119,7.5,1,0,False
WI,119,area_code_415,False,False,0,37.4,102,182.3,115,191.9,100,8.3,5,2,False
NV,83,area_code_510,False,True,31,129.8,87,183.4,110,169.4,40,14.3,6,1,False
SC,78,area_code_415,False,False,0,155.0,106,175.3,101,155.6,125,11.8,5,2,False
CO,140,area_code_415,False,False,0,149.7,71,212.5,97,245.9,67,12.6,4,3,False
MA,88,area_code_408,False,True,45,80.3,140,153.3,101,309.2,123,12.8,3,2,False
RI,114,area_code_415,False,True,23,186.2,95,258.3,129,183.9,93,7.8,6,0,False
NY,76,area_code_415,False,False,0,223.0,109,218.7,97,138.6,126,11.6,8,2,False
MO,120,area_code_408,False,False,0,121.0,139,270.4,121,141.0,90,5.3,8,1,False
NV,124,area_code_415,False,False,0,234.4,61,179.3,111,285.5,117,10.4,6,3,False
CT,23,area_code_510,False,False,0,321.6,107,251.6,115,141.1,158,11.3,3,2,True
WY,123,area_code_415,False,False,0,242.2,87,226.1,101,268.6,121,8.2,3,5,True
TN,98,area_code_415,False,False,0,162.8,65,185.0,109,219.5,104,6.0,3,2,False
NY,112,area_code_510,False,False,0,172.1,73,228.0,136,269.4,96,14.1,3,2,False
NJ,66,area_code_415,False,True,16,174.7,92,232.1,105,305.4,98,8.9,2,1,False
TX,90,area_code_408,False,True,27,156.7,51,236.5,118,123.2,111,12.6,6,2,False
KS,149,area_code_510,False,False,0,217.7,91,273.5,74,226.9,99,9.6,3,3,False
GA,111,area_code_408,True,False,0,177.1,102,249.1,102,153.3,66,8.8,4,2,False
MN,122,area_code_415,False,False,0,140.1,120,231.4,128,188.1,127,11.2,5,2,False
CT,30,area_code_408,False,False,0,137.6,108,162.0,80,187.7,126,5.8,10,3,False
UT,87,area_code_415,False,False,0,146.3,108,171.8,102,167.5,66,5.3,9,1,False
WV,94,area_code_415,True,True,39,115.5,90,122.5,99,197.7,110,7.0,3,0,False
OR,1,area_code_415,False,False,0,195.0,81,266.2,123,213.9,132,11.1,6,0,False
KS,108,area_code_408,False,False,0,170.3,48,187.7,146,204.0,84,16.1,4,3,False
KS,128,area_code_415,False,False,0,103.3,122,245.9,123,161.1,95,6.4,7,0,False
NV,69,area_code_415,False,False,0,153.7,109,194.0,105,256.1,114,14.1,6,1,False
AK,115,area_code_415,False,False,0,210.6,120,153.1,84,262.2,79,11.0,5,0,False
SC,59,area_code_415,False,False,0,128.7,85,169.8,121,207.3,98,10.5,4,3,False
WA,97,area_code_408,False,False,0,276.1,82,201.1,106,231.3,73,8.9,4,0,True
WI,165,area_code_510,False,False,0,154.2,91,268.6,108,188.8,99,10.9,4,6,False
FL,185,area_code_408,False,False,0,55.6,97,288.7,83,111.2,110,12.1,3,2,False
AK,36,area_code_415,True,True,19,171.9,96,198.4,111,321.7,76,10.5,1,1,True
IN,81,area_code_408,False,True,46,168.3,124,270.9,103,222.5,98,6.7,2,4,False
OH,142,area_code_408,True,False,0,160.6,101,202.0,125,221.7,100,8.8,2,1,True
UT,34,area_code_415,False,True,33,284.3,115,204.8,125,143.0,83,3.5,4,0,False
MO,36,area_code_408,False,False,0,177.9,129,224.6,87,306.3,102,10.8,6,2,False
WY,139,area_code_415,False,False,0,192.8,104,234.4,96,203.2,101,13.0,3,3,False
WI,49,area_code_408,False,False,0,260.9,88,174.2,103,262.8,98,10.6,4,1,False
NJ,93,area_code_415,False,False,0,146.3,85,216.6,95,233.0,82,11.5,3,0,False
MN,81,area_code_510,False,False,0,145.6,59,287.9,131,181.7,121,9.2,4,2,False
WI,141,area_code_415,False,True,33,168.4,127,185.1,106,220.0,78,11.0,4,2,False
IA,63,area_code_510,False,False,0,153.5,81,287.3,115,230.2,85,6.5,5,2,False
OR,190,area_code_415,False,False,0,142.9,96,177.9,96,113.3,117,6.6,4,0,False
SC,142,area_code_510,False,False,0,204.2,98,188.9,85,231.2,136,6.5,6,1,False
AZ,87,area_code_510,False,False,0,110.9,91,158.5,115,207.5,131,6.2,5,1,False
HI,105,area_code_415,False,False,0,211.1,99,176.7,66,221.5,96,14.7,7,4,False
WI,117,area_code_408,False,True,14,80.2,81,219.0,103,122.6,102,8.6,2,1,False
WY,225,area_code_415,False,False,0,182.7,142,246.5,63,218.0,103,8.8,2,1,False
AL,131,area_code_415,False,False,0,234.0,117,209.4,143,258.8,105,9.8,3,1,False
MD,70,area_code_408,False,False,0,170.2,98,155.2,102,228.6,76,15.0,2,1,False
NV,134,area_code_408,False,False,0,107.0,146,220.0,116,149.8,108,7.2,3,2,False
IL,117,area_code_408,False,False,0,119.0,82,187.5,108,189.3,97,11.5,3,1,False
WA,118,area_code_408,False,False,0,297.2,113,188.8,114,188.9,100,12.4,6,1,True
GA,73,area_code_408,False,False,0,157.6,92,198.3,87,364.9,106,9.1,4,1,False
LA,179,area_code_408,False,False,0,219.2,92,149.4,125,244.7,104,6.1,5,0,False
VA,94,area_code_415,True,False,0,235.6,131,194.8,107,170.6,93,8.6,4,1,False
NH,133,area_code_408,False,False,0,162.1,91,212.1,94,260.4,78,12.2,5,1,False
PA,142,area_code_408,True,True,23,102.2,103,229.7,110,176.3,100,9.0,4,1,False
MI,108,area_code_510,True,False,0,86.1,97,227.9,101,225.8,102,9.1,3,3,False
FL,91,area_code_415,False,False,0,153.2,70,231.7,91,115.1,80,9.8,3,4,True
NH,95,area_code_408,True,False,0,228.9,134,255.7,71,208.0,120,10.1,2,4,True
ID,65,area_code_408,False,True,19,259.0,96,332.3,106,130.1,95,7.5,7,1,False
TX,201,area_code_415,False,True,21,192.0,97,239.1,81,116.1,125,15.1,3,1,False
WY,39,area_code_510,False,True,38,201.8,66,200.1,87,173.7,112,9.5,3,0,False
TX,98,area_code_408,False,False,0,158.5,90,254.4,67,178.4,104,14.8,5,2,False
AL,119,area_code_415,False,False,0,98.8,97,146.9,68,190.7,105,10.0,4,3,False
MT,171,area_code_408,False,False,0,171.9,99,249.2,95,174.9,81,12.5,4,1,False
MT,109,area_code_408,False,False,0,264.7,69,305.0,120,197.4,86,9.5,9,1,True
MS,121,area_code_415,False,True,21,126.3,84,209.6,102,192.5,129,10.6,2,1,False
MO,90,area_code_408,True,False,0,207.1,87,208.5,87,146.0,95,4.4,5,2,False
HI,115,area_code_415,False,True,33,145.0,72,194.5,157,242.3,138,14.2,3,2,False
IL,66,area_code_415,False,True,31,163.2,106,267.9,108,172.6,100,9.7,5,1,False
VA,11,area_code_408,False,True,24,131.5,98,230.2,111,283.7,87,10.0,3,2,False
MO,131,area_code_408,False,False,0,109.5,95,332.1,48,258.6,108,6.6,7,1,False
DC,91,area_code_415,False,True,39,169.8,105,65.2,116,144.4,92,10.9,4,1,False
WI,161,area_code_408,False,False,0,154.7,84,177.8,125,172.9,90,5.9,2,4,True
NJ,139,area_code_415,False,False,0,63.3,116,177.3,113,171.6,82,14.2,4,1,False
PA,69,area_code_415,False,False,0,228.2,70,263.7,80,142.6,60,10.7,5,3,False
TX,41,area_code_408,False,True,22,213.8,102,141.8,86,142.2,123,7.2,3,0,False
OK,91,area_code_408,False,True,31,273.0,78,215.5,98,104.7,114,9.6,2,1,False
MD,101,area_code_408,False,False,0,155.4,71,84.0,122,229.1,97,5.8,1,1,False
MS,140,area_code_408,False,False,0,162.6,98,206.2,109,141.6,66,8.2,2,1,False
WA,65,area_code_415,False,False,0,189.3,74,205.3,90,228.2,78,8.5,13,3,False
WY,118,area_code_408,False,False,0,232.4,92,191.0,68,213.0,138,7.7,4,1,False
MA,83,area_code_408,False,False,0,286.6,114,101.0,138,199.6,146,13.2,4,1,False
CT,92,area_code_408,False,False,0,250.6,100,41.7,94,186.2,100,9.7,6,2,False
CT,99,area_code_408,False,False,0,95.4,105,207.2,101,136.0,117,5.6,5,1,False
OR,132,area_code_510,False,False,0,191.9,107,206.9,127,272.0,88,12.6,2,1,False
AR,113,area_code_415,True,False,0,122.2,112,131.7,94,169.5,106,10.3,9,5,True
HI,119,area_code_408,False,True,24,217.2,94,138.7,52,139.3,85,11.3,4,0,False
IN,108,area_code_510,False,False,0,293.0,88,160.6,101,143.9,87,10.0,6,2,False
AL,93,area_code_408,False,False,0,267.9,114,223.0,74,262.7,90,11.3,3,3,True
TN,187,area_code_510,False,True,25,199.9,64,134.6,110,210.4,78,11.7,6,3,False
TX,139,area_code_510,True,True,31,203.5,82,200.3,72,214.0,112,13.4,6,1,True
WV,63,area_code_510,False,False,0,261.8,69,245.0,135,202.1,94,14.7,4,0,True
MI,126,area_code_415,False,False,0,193.1,114,75.5,61,186.2,73,11.1,1,3,False
DE,30,area_code_415,False,True,30,217.4,74,213.8,86,227.2,104,6.6,3,0,False
NY,54,area_code_510,True,False,0,236.3,91,152.8,130,160.3,98,11.2,8,3,False
AR,115,area_code_415,False,True,37,184.1,67,159.4,104,193.3,121,13.3,3,0,False
IL,100,area_code_415,False,False,0,191.9,95,200.9,101,271.9,74,18.2,3,1,False
DE,2,area_code_415,True,False,0,132.1,42,138.9,88,192.6,119,9.1,1,2,True
NC,122,area_code_415,False,False,0,215.6,86,167.8,59,207.0,67,6.4,8,3,False
WI,119,area_code_415,False,False,0,226.6,126,143.6,107,94.9,123,12.1,5,1,False
WY,126,area_code_408,True,False,0,197.6,126,246.5,112,285.3,104,12.5,8,2,False
NV,42,area_code_415,False,False,0,303.9,106,232.2,54,147.1,76,5.8,3,1,True
MI,158,area_code_415,False,False,0,195.9,103,89.1,95,302.2,82,10.3,3,1,False
OK,125,area_code_415,False,True,36,201.3,117,42.2,78,125.7,104,5.4,3,1,False
VA,127,area_code_408,False,True,25,173.0,91,245.8,64,300.0,99,4.8,3,0,False
MD,47,area_code_415,True,False,0,177.1,104,217.4,97,191.8,131,9.7,5,2,False
MO,38,area_code_510,False,False,0,281.1,113,236.1,82,230.1,60,10.9,3,1,True
LA,53,area_code_415,False,False,0,145.1,116,233.7,82,208.7,95,7.9,5,2,False
WI,165,area_code_408,False,False,0,156.0,88,276.1,81,175.9,94,9.3,5,1,False
CT,68,area_code_510,True,False,0,197.7,99,188.8,106,254.6,80,19.2,4,3,True
MD,93,area_code_408,True,False,0,312.0,109,129.4,100,217.6,74,10.5,2,0,True
HI,105,area_code_510,False,False,0,125.4,116,261.5,95,241.6,104,11.4,9,2,False
ME,78,area_code_415,False,False,0,211.4,105,249.9,77,199.6,129,9.3,2,2,False
NE,132,area_code_510,False,False,0,99.5,110,129.1,80,125.1,124,9.7,3,0,False
AK,86,area_code_408,False,False,0,150.8,85,295.9,88,247.2,104,12.5,1,1,False
OR,87,area_code_510,False,True,22,240.8,102,75.9,106,224.6,115,7.1,3,2,False
VT,97,area_code_415,False,False,0,112.7,119,217.7,109,152.1,76,6.5,5,1,False
AL,80,area_code_415,False,False,0,209.9,109,226.1,56,154.2,121,9.0,5,1,False
WV,172,area_code_415,False,False,0,211.7,100,198.7,101,301.7,136,6.5,9,1,False
VT,113,area_code_415,False,False,0,272.1,111,268.5,118,213.8,105,8.5,10,1,True
NY,86,area_code_510,False,False,0,70.7,125,211.0,113,174.6,107,0.0,0,2,False
MO,104,area_code_510,False,False,0,189.3,73,156.2,120,232.2,76,7.5,8,3,False
NV,94,area_code_510,False,False,0,175.9,121,222.1,94,191.8,123,10.9,5,1,False
WI,120,area_code_415,False,True,29,244.3,140,322.3,89,166.8,83,10.6,6,0,False
TX,115,area_code_415,False,False,0,211.1,112,227.8,113,179.6,110,7.2,2,0,False
FL,129,area_code_415,True,False,0,267.4,78,204.2,85,111.7,146,5.9,4,1,False
NJ,96,area_code_510,False,False,0,150.0,122,218.5,116,212.4,89,9.8,1,3,False
GA,120,area_code_408,False,False,0,98.2,99,186.7,85,146.7,96,9.3,4,2,False
ME,70,area_code_415,False,False,0,169.1,48,219.8,62,193.5,105,10.7,8,3,False
WA,119,area_code_415,False,True,26,161.3,97,250.3,110,142.4,92,6.6,8,1,False
ID,78,area_code_415,False,False,0,103.5,115,117.9,102,201.0,94,12.0,3,4,True
VA,139,area_code_415,True,False,0,161.5,121,192.9,137,168.3,96,11.2,13,0,False
CT,95,area_code_415,False,True,36,283.1,112,286.2,86,261.7,129,11.3,3,3,False
NJ,127,area_code_510,False,False,0,245.2,91,217.2,92,243.1,128,13.9,6,0,True
GA,194,area_code_510,False,False,0,193.3,106,169.0,150,225.2,122,11.8,4,0,False
WV,69,area_code_415,True,False,0,176.8,89,196.0,89,232.6,151,13.1,5,1,True
NY,61,area_code_415,False,True,36,233.9,97,175.6,133,177.0,83,9.5,4,1,False
AR,89,area_code_408,True,False,0,206.9,134,167.7,105,155.7,86,10.9,4,0,False
ID,47,area_code_415,False,True,28,172.9,109,137.6,94,203.8,109,8.3,6,1,False
GA,135,area_code_415,False,True,22,197.1,113,259.4,95,134.7,135,14.6,5,2,False
CO,92,area_code_415,False,False,0,160.5,113,287.3,134,212.6,93,8.2,3,3,False
SC,19,area_code_510,False,False,0,259.4,116,269.7,109,175.3,130,9.5,3,1,True
IL,131,area_code_510,False,False,0,263.4,123,151.9,74,218.5,101,10.7,2,2,False
WV,90,area_code_415,False,False,0,205.7,138,161.9,83,269.7,104,12.5,6,2,False
MA,47,area_code_415,False,False,0,155.3,116,188.2,85,247.0,73,12.3,4,3,False
AK,91,area_code_510,False,False,0,197.3,120,202.4,89,290.5,128,15.3,7,1,False
AL,171,area_code_510,False,False,0,221.5,103,109.5,58,134.6,115,11.6,4,1,False
AZ,43,area_code_415,False,False,0,179.3,97,252.7,126,227.5,114,8.0,5,0,False
AR,45,area_code_408,False,False,0,126.8,83,157.8,100,158.3,97,11.0,4,3,False
WI,142,area_code_510,False,False,0,232.1,102,168.2,110,197.3,120,9.9,3,1,False
AZ,157,area_code_415,False,False,0,220.7,105,119.3,127,165.1,113,11.5,7,4,False
AL,148,area_code_415,False,True,21,262.9,135,149.5,96,140.5,109,8.1,4,1,False
MO,107,area_code_415,False,False,0,146.9,94,114.3,111,114.5,97,11.4,5,3,False
CO,63,area_code_408,True,True,21,151.5,99,147.8,89,210.4,114,10.0,4,1,False
KS,131,area_code_415,False,True,28,249.6,87,227.2,138,239.9,92,7.6,3,3,False
AR,86,area_code_408,False,True,16,145.7,88,191.0,129,215.5,82,11.3,7,0,False
KS,132,area_code_415,False,False,0,164.0,112,243.6,80,155.5,122,10.2,4,1,False
RI,129,area_code_415,False,False,0,139.5,119,289.3,105,129.4,97,13.1,8,0,False
CO,125,area_code_408,False,True,23,120.5,104,227.8,115,158.5,100,10.2,3,1,False
AR,132,area_code_415,False,False,0,99.0,126,189.4,76,156.3,108,8.4,3,1,False
OH,162,area_code_415,False,False,0,135.2,98,242.0,107,246.9,96,10.2,2,2,False
CO,63,area_code_415,False,True,32,30.9,113,187.0,113,230.8,101,8.6,7,1,False
IL,129,area_code_415,False,False,0,198.4,91,264.7,106,111.4,101,9.2,2,2,False
IL,110,area_code_408,False,False,0,74.5,117,200.8,98,192.2,101,9.8,7,3,False
ND,131,area_code_408,False,True,33,177.1,100,194.0,85,253.4,124,5.2,5,1,False
NE,42,area_code_510,False,False,0,143.7,96,221.0,98,108.9,94,8.6,1,2,False
WA,109,area_code_415,False,False,0,184.0,120,120.4,119,153.7,86,11.0,3,0,False
KY,78,area_code_415,False,False,0,254.1,112,215.9,80,267.1,124,16.3,3,0,True
IA,69,area_code_510,False,False,0,170.7,98,111.6,109,171.5,107,4.8,7,3,False
CO,74,area_code_415,True,False,0,267.5,134,242.5,110,223.0,108,8.3,4,3,True
TN,123,area_code_415,False,True,34,305.2,80,156.5,109,280.0,81,13.2,7,1,False
RI,158,area_code_510,False,False,0,220.9,129,242.2,108,233.3,75,6.4,5,0,False
CT,88,area_code_415,False,False,0,168.8,141,211.5,129,86.9,92,10.5,7,3,False
NY,131,area_code_408,True,False,0,122.3,83,118.8,94,147.9,95,13.7,3,3,True
IL,156,area_code_415,False,False,0,162.6,113,260.2,90,214.7,93,10.9,2,0,False
NM,65,area_code_415,False,False,0,105.7,95,141.8,100,180.5,105,6.6,12,2,False
WI,72,area_code_408,False,False,0,179.9,113,149.8,112,168.2,79,9.8,7,2,False
NE,73,area_code_415,False,False,0,198.3,94,279.3,101,146.2,87,14.8,8,3,False
NM,161,area_code_408,False,False,0,107.5,121,256.4,46,247.2,131,12.6,3,2,False
SC,88,area_code_408,False,False,0,153.5,94,251.7,118,182.2,99,8.5,6,1,False
NM,55,area_code_415,False,False,0,132.0,103,279.6,114,180.0,74,13.5,4,0,False
DE,74,area_code_415,False,True,38,176.0,84,288.2,103,178.2,86,14.8,5,2,False
NE,67,area_code_415,False,False,0,124.0,77,222.2,95,151.2,111,13.1,2,0,False
OK,189,area_code_415,False,False,0,208.3,106,236.7,123,179.1,120,11.3,5,3,False
MA,150,area_code_408,False,False,0,150.9,92,191.0,106,223.6,107,8.3,4,5,True
MI,105,area_code_415,False,False,0,226.9,106,182.2,77,203.9,107,11.6,2,0,True
CT,112,area_code_415,False,True,27,213.0,121,226.2,101,189.8,99,11.1,3,4,False
ME,19,area_code_415,False,False,0,201.5,123,129.2,110,220.6,98,12.9,4,1,False
SD,140,area_code_415,False,False,0,191.8,67,261.1,52,252.7,112,10.8,3,6,False
NV,116,area_code_510,False,True,35,118.0,103,167.2,106,205.7,102,11.8,2,2,False
FL,99,area_code_408,False,False,0,155.3,93,265.7,95,145.7,67,12.4,4,0,False
NE,136,area_code_415,False,False,0,259.0,105,166.9,125,255.1,107,11.1,3,3,False
KY,54,area_code_408,False,False,0,159.8,99,264.0,64,115.7,70,9.7,7,2,False
NC,49,area_code_415,False,False,0,189.9,104,247.4,120,159.8,113,10.1,6,1,False
FL,90,area_code_415,False,True,24,71.2,82,181.6,103,186.9,111,12.9,1,1,False
MI,45,area_code_510,False,True,26,91.7,104,150.6,119,63.3,103,7.7,5,1,False
NC,169,area_code_408,False,False,0,142.5,82,231.4,110,131.2,67,10.0,4,2,False
SC,92,area_code_510,False,False,0,183.7,103,270.6,97,132.9,104,11.2,2,0,False
AK,141,area_code_408,False,False,0,83.2,74,190.6,104,150.5,79,10.7,7,1,False
WI,74,area_code_408,False,False,0,177.4,136,240.3,104,237.3,133,12.0,3,0,False
OH,82,area_code_415,False,False,0,179.2,95,228.9,95,187.7,100,13.2,2,1,False
KS,59,area_code_510,False,True,45,71.2,113,233.7,95,139.3,129,14.0,12,1,False
MN,92,area_code_510,False,False,0,212.4,105,224.6,118,221.3,105,9.0,4,1,False
RI,123,area_code_408,False,False,0,225.6,102,225.8,56,186.7,128,6.7,2,1,False
PA,136,area_code_408,False,False,0,102.1,75,219.5,97,73.7,92,9.8,5,0,False
NY,204,area_code_415,False,False,0,174.3,85,254.1,95,176.4,96,5.9,3,6,False
NH,100,area_code_408,False,False,0,218.8,125,148.3,102,277.8,97,9.7,6,1,False
MA,39,area_code_408,False,False,0,60.4,158,306.2,120,123.9,46,12.4,3,1,False
NJ,72,area_code_415,False,False,0,175.5,103,132.3,120,242.9,96,11.8,3,1,False
KS,137,area_code_408,False,False,0,205.9,88,209.3,86,289.9,84,14.5,4,2,False
MA,97,area_code_510,True,False,0,272.8,60,216.5,113,245.1,67,6.1,8,5,True
MN,53,area_code_415,False,False,0,164.1,106,206.0,56,194.7,124,11.4,2,1,False
MA,116,area_code_415,False,False,0,119.0,94,144.3,110,199.7,65,8.8,5,2,False
GA,111,area_code_415,False,False,0,129.1,92,148.9,132,264.0,103,16.8,7,2,False
MS,110,area_code_415,False,False,0,178.4,110,179.1,116,228.1,99,6.5,4,1,False
AL,16,area_code_415,False,False,0,161.9,100,230.1,138,148.8,78,10.2,11,3,False
ID,73,area_code_408,False,False,0,67.0,76,223.0,154,236.5,151,11.2,2,1,False
NJ,125,area_code_415,False,False,0,182.3,64,139.8,121,171.6,96,11.6,7,2,False
MT,146,area_code_415,False,False,0,214.8,86,230.9,94,223.8,100,5.8,3,3,False
WV,113,area_code_415,False,False,0,61.2,111,92.3,88,197.4,114,13.7,3,5,True
AR,179,area_code_415,True,True,38,220.1,78,234.3,71,237.3,85,10.1,4,4,False
KS,65,area_code_415,False,True,34,208.8,119,142.1,106,214.6,87,12.5,4,4,False
CT,144,area_code_510,True,True,35,174.8,127,219.6,93,255.8,90,12.8,3,0,False
OH,115,area_code_510,True,False,0,345.3,81,203.4,106,217.5,107,11.8,8,1,True
LA,111,area_code_415,False,True,28,128.8,104,157.3,52,147.4,76,10.3,2,2,False
HI,106,area_code_415,False,False,0,147.9,97,209.3,99,162.1,80,8.8,5,2,False
NH,74,area_code_510,False,False,0,154.3,71,262.3,105,235.3,99,13.9,4,0,False
LA,140,area_code_415,False,True,27,176.0,141,201.3,143,167.9,93,7.1,5,3,False
GA,117,area_code_415,True,False,0,287.4,118,259.6,84,153.2,86,10.0,3,1,True
FL,116,area_code_510,False,False,0,192.1,98,312.9,135,130.2,94,7.9,2,3,False
IN,140,area_code_415,False,False,0,204.7,100,126.8,107,202.8,115,12.1,4,2,False
LA,128,area_code_415,False,False,0,147.7,94,283.3,83,188.3,124,6.9,5,2,False
NV,105,area_code_408,False,False,0,98.2,103,140.3,91,140.2,106,13.9,1,1,False
NM,188,area_code_415,True,True,26,198.8,115,166.6,67,198.5,118,14.4,3,1,True
AR,97,area_code_415,False,True,35,203.1,104,211.8,91,246.1,105,9.7,6,0,False
NJ,153,area_code_415,False,False,0,193.8,90,195.3,121,182.7,108,8.5,3,1,False
AL,120,area_code_415,False,True,27,179.6,142,262.8,103,239.9,81,11.1,2,1,False
TX,133,area_code_408,False,False,0,221.1,133,160.2,140,161.8,84,8.4,3,4,False
NH,127,area_code_415,False,False,0,200.8,104,181.4,73,89.7,49,9.7,5,0,False
AL,68,area_code_510,False,False,0,157.3,83,220.9,85,218.9,129,12.0,7,1,False
WY,63,area_code_415,False,False,0,120.1,103,179.2,132,127.3,82,6.3,4,1,False
ID,101,area_code_415,False,False,0,202.5,91,142.5,134,219.6,102,10.1,4,3,False
LA,69,area_code_415,False,True,37,155.0,98,142.4,105,143.7,117,5.9,4,1,False
AL,200,area_code_408,False,False,0,128.2,87,133.2,105,177.6,123,11.2,2,1,False
NJ,78,area_code_415,False,False,0,231.0,115,230.4,140,261.4,120,9.5,3,1,False
OH,94,area_code_510,False,False,0,194.1,62,227.2,54,190.4,115,15.3,4,1,False
MT,42,area_code_415,False,False,0,150.7,52,246.7,96,103.8,118,7.0,4,2,False
TX,136,area_code_408,False,False,0,269.8,106,228.8,101,257.5,106,10.1,8,1,True
CA,111,area_code_408,False,False,0,249.8,109,242.4,106,231.8,78,11.6,4,0,True
ME,120,area_code_510,False,False,0,198.8,56,230.1,73,119.8,81,9.9,3,2,False
NM,182,area_code_415,False,False,0,69.1,114,230.3,109,256.7,96,6.5,4,0,False
WY,159,area_code_415,False,False,0,167.4,68,143.8,74,140.1,111,10.3,3,0,True
AZ,193,area_code_415,False,False,0,208.1,115,178.0,104,195.9,95,12.4,9,3,False
IN,76,area_code_415,False,True,35,273.7,94,153.3,101,259.0,109,3.8,3,0,False
IA,86,area_code_408,False,False,0,126.3,115,168.8,112,154.6,95,9.8,7,2,False
FL,132,area_code_510,False,True,36,226.2,103,181.6,125,258.8,102,10.5,5,3,True
TX,104,area_code_415,False,False,0,304.0,141,264.1,127,138.1,104,7.2,4,0,True
PA,69,area_code_415,False,False,0,143.6,88,141.8,86,194.0,83,10.8,5,3,False
NY,112,area_code_415,False,True,17,120.0,94,79.5,104,214.0,94,8.7,1,1,False
WV,36,area_code_510,False,False,0,175.7,69,154.8,98,208.2,68,9.5,2,0,False
RI,89,area_code_415,False,True,24,97.8,98,207.2,67,214.5,126,5.9,2,0,False
DE,108,area_code_510,False,False,0,169.6,99,264.1,87,206.3,78,9.3,4,0,False
SD,121,area_code_415,False,False,0,179.4,70,143.0,93,116.3,113,11.2,5,1,False
UT,73,area_code_415,False,False,0,182.3,115,199.2,97,120.2,113,18.0,5,1,False
VA,136,area_code_415,False,False,0,110.2,92,219.4,109,188.1,67,12.3,4,2,False
NC,80,area_code_415,True,False,0,189.1,122,223.2,92,269.0,116,13.9,3,2,True
DC,114,area_code_415,False,False,0,147.1,119,161.0,111,275.9,106,9.0,3,5,True
MN,135,area_code_408,False,False,0,155.2,100,135.9,84,184.6,82,3.8,9,3,False
NE,44,area_code_415,False,False,0,240.3,146,164.6,83,240.7,106,10.6,2,1,False
ID,127,area_code_408,False,False,0,189.7,110,142.4,116,175.2,79,8.5,8,2,False
AL,122,area_code_415,False,False,0,232.5,96,205.5,120,213.7,91,11.9,2,0,False
RI,119,area_code_415,False,True,29,117.8,66,256.8,114,147.6,76,7.6,3,3,False
NJ,97,area_code_415,False,False,0,259.6,138,233.9,91,140.6,119,13.0,4,1,False
TX,145,area_code_510,False,False,0,158.8,120,352.1,145,177.6,140,6.2,6,2,False
CO,36,area_code_415,True,False,0,245.0,119,195.5,91,165.7,87,7.8,7,1,False
DE,109,area_code_415,True,True,36,244.2,147,199.7,65,144.4,109,15.4,3,2,True
SD,91,area_code_510,False,False,0,149.0,115,245.3,105,260.0,94,8.3,3,0,False
VT,76,area_code_408,False,False,0,208.5,124,173.0,117,221.1,95,9.8,3,0,False
PA,28,area_code_415,False,False,0,168.2,87,161.7,92,192.4,112,10.1,3,3,False
NJ,162,area_code_408,False,False,0,217.6,87,279.0,71,250.7,65,10.4,4,2,True
NC,110,area_code_408,False,False,0,159.5,145,202.3,101,256.0,96,16.7,2,2,False
WA,113,area_code_408,False,False,0,161.1,133,205.3,95,60.3,93,12.2,2,2,False
LA,90,area_code_408,False,False,0,140.8,109,303.0,114,267.4,112,14.1,1,0,False
IN,154,area_code_510,False,True,32,192.3,82,165.3,134,205.0,74,9.0,1,2,False
SD,74,area_code_510,False,False,0,143.7,97,229.6,110,98.8,100,11.8,5,1,False
VA,10,area_code_415,False,False,0,222.2,127,153.1,125,227.4,80,12.9,4,1,False
OH,110,area_code_510,False,False,0,175.6,91,236.5,127,194.9,114,9.5,8,0,False
NC,122,area_code_415,False,False,0,180.0,88,145.0,77,233.7,120,11.5,6,2,False
TX,98,area_code_415,False,False,0,217.2,121,303.4,73,197.1,71,12.4,2,0,True
WI,85,area_code_415,False,False,0,102.0,95,270.2,139,148.2,105,10.7,3,1,False
OH,72,area_code_510,False,False,0,138.9,111,211.6,102,179.5,91,10.8,3,1,False
GA,155,area_code_510,False,False,0,71.2,90,304.4,119,183.3,103,8.6,4,0,False
NC,76,area_code_510,False,False,0,165.7,94,257.4,80,170.8,114,10.0,4,1,False
FL,152,area_code_408,False,True,26,214.8,82,226.7,135,206.7,97,7.6,11,1,False
MO,109,area_code_415,False,False,0,200.1,72,300.9,120,236.0,68,11.9,5,0,False
KS,166,area_code_415,True,True,28,175.8,126,253.6,76,128.5,72,11.4,5,1,False
TN,137,area_code_408,False,False,0,75.8,107,256.9,98,204.4,118,10.5,3,2,False
IN,63,area_code_510,False,False,0,6.6,107,359.3,142,252.5,131,5.6,3,0,False
ND,101,area_code_415,False,True,28,105.9,132,231.7,107,281.3,120,10.7,5,1,False
AK,127,area_code_510,False,True,36,183.2,117,126.8,76,263.3,71,11.2,8,1,False
VA,113,area_code_408,False,True,34,44.9,63,134.2,82,168.4,118,13.3,3,1,False
MA,101,area_code_415,False,True,21,238.0,88,209.6,84,233.0,95,10.0,5,2,False
HI,232,area_code_415,False,False,0,248.2,128,211.2,96,147.1,117,10.0,6,2,False
NM,59,area_code_408,False,False,0,145.8,95,228.3,81,247.5,87,9.6,5,0,False
AL,42,area_code_415,False,True,21,125.5,67,166.7,90,227.1,97,11.0,1,2,False
MD,111,area_code_510,False,False,0,123.1,88,213.9,84,184.9,88,12.0,2,5,True
DC,106,area_code_415,False,False,0,147.7,105,215.0,129,267.2,95,11.0,3,1,False
NV,116,area_code_408,False,False,0,110.9,54,213.4,82,186.2,116,7.9,2,2,False
MN,120,area_code_415,False,True,31,211.0,117,238.7,77,184.5,99,14.0,8,1,False
OR,33,area_code_415,False,True,29,157.4,99,117.9,80,279.2,79,13.9,11,4,True
ME,77,area_code_415,False,False,0,208.8,117,175.4,81,171.5,105,13.4,3,0,False
SC,106,area_code_510,False,False,0,168.4,85,123.3,95,162.5,83,4.6,4,3,False
MI,127,area_code_510,False,True,25,203.8,118,267.1,48,225.1,105,7.3,5,0,False
VA,182,area_code_408,False,True,24,215.2,73,133.1,85,205.1,79,10.9,7,0,False
TN,102,area_code_408,False,False,0,157.4,83,47.3,102,160.4,92,11.4,5,0,False
DC,88,area_code_408,False,False,0,204.8,100,193.9,98,190.9,62,2.0,11,1,False
MN,158,area_code_408,False,False,0,209.9,112,221.3,82,210.0,93,8.2,3,1,False
CT,129,area_code_510,False,True,27,196.6,89,180.6,95,245.0,83,6.6,5,1,False
MS,107,area_code_415,False,False,0,220.1,103,200.4,94,272.6,147,7.4,5,2,False
IA,64,area_code_415,False,True,43,118.4,100,144.1,108,158.1,91,8.5,6,1,False
SD,149,area_code_408,False,True,28,180.7,92,187.8,64,265.5,53,12.6,3,3,False
WV,125,area_code_415,False,False,0,206.0,128,198.1,71,135.9,116,13.2,3,0,False
VA,21,area_code_415,False,False,0,223.2,142,216.5,114,214.7,111,12.4,2,1,False
OH,87,area_code_510,False,False,0,153.3,106,224.5,117,273.4,152,8.9,5,2,False
MN,99,area_code_408,False,False,0,128.8,86,203.9,105,282.6,131,14.1,4,2,False
FL,66,area_code_510,False,False,0,113.9,112,271.8,106,216.7,95,15.6,3,2,False
NH,78,area_code_408,False,True,28,130.5,109,173.3,99,192.2,106,10.4,3,3,False
KS,117,area_code_510,False,True,25,216.0,140,224.1,69,267.9,112,11.8,4,0,False
MD,79,area_code_415,False,False,0,81.2,91,215.7,126,245.9,85,10.9,4,1,False
NM,112,area_code_415,False,False,0,81.6,94,268.1,112,140.8,75,8.6,18,1,False
ID,77,area_code_415,False,False,0,251.8,72,205.7,126,275.2,109,9.8,7,2,True
MN,90,area_code_408,False,False,0,142.4,126,126.2,118,274.2,71,4.6,4,1,False
NC,114,area_code_408,False,False,0,193.0,101,250.0,81,133.3,79,9.6,2,2,False
DC,121,area_code_408,False,False,0,168.6,121,168.6,94,95.3,59,12.3,4,1,False
MD,42,area_code_408,False,False,0,196.5,89,241.3,123,143.2,105,4.0,7,0,False
TN,163,area_code_510,False,False,0,277.7,118,115.3,91,170.3,90,10.4,8,0,False
KS,92,area_code_510,False,False,0,325.4,73,127.8,100,209.9,98,9.3,10,1,True
ME,80,area_code_408,False,False,0,322.3,113,222.0,95,162.8,123,6.7,8,0,True
VT,122,area_code_415,False,False,0,136.7,115,243.1,137,188.9,110,8.6,4,0,False
HI,99,area_code_408,False,False,0,135.7,107,208.4,103,209.0,95,8.8,3,7,True
TN,128,area_code_510,False,True,40,272.2,112,239.9,111,257.3,124,11.6,2,1,False
WY,94,area_code_510,False,False,0,271.2,105,202.6,105,221.6,51,11.5,3,3,True
NY,104,area_code_415,False,True,26,189.1,112,178.2,97,199.3,104,11.1,4,1,False
IL,65,area_code_415,False,False,0,180.3,84,199.9,129,280.1,62,12.1,1,3,False
NJ,77,area_code_408,True,True,34,209.9,79,226.1,88,101.8,103,11.4,2,2,True
NJ,127,area_code_510,False,False,0,262.9,95,175.9,126,202.1,101,7.5,5,1,False
ND,135,area_code_510,True,True,24,127.7,54,215.0,105,234.3,84,5.8,4,2,False
OR,110,area_code_408,False,False,0,149.8,112,180.0,93,140.0,119,11.7,4,2,False
WA,177,area_code_415,False,False,0,266.1,91,225.2,79,224.7,58,8.9,8,3,True
DC,180,area_code_415,False,True,33,231.8,78,232.9,79,206.9,121,7.6,4,1,False
NM,124,area_code_408,False,False,0,244.6,91,125.1,70,303.4,104,12.0,5,0,False
OK,75,area_code_415,True,False,0,166.7,113,148.3,122,186.9,121,10.1,3,3,False
WA,112,area_code_408,False,False,0,135.1,112,226.3,85,115.2,108,11.1,6,1,False
ND,184,area_code_415,False,False,0,237.6,86,157.0,105,163.6,103,14.2,2,2,False
MI,91,area_code_408,False,False,0,134.7,116,295.3,98,195.5,121,6.6,5,2,False
WY,57,area_code_408,False,True,39,213.0,115,191.1,112,182.7,115,9.5,3,0,False
ID,69,area_code_510,True,False,0,199.7,121,189.4,92,264.0,120,11.1,4,6,True
IA,52,area_code_510,False,True,24,229.1,86,168.7,124,245.4,75,14.6,2,1,False
NJ,172,area_code_510,False,False,0,290.5,123,253.0,77,159.3,96,11.3,5,2,True
DC,66,area_code_415,False,False,0,146.4,107,196.5,99,230.1,106,7.8,2,1,False
WA,161,area_code_415,False,False,0,151.6,117,219.4,87,224.7,68,4.0,5,1,False
WY,87,area_code_415,False,True,22,263.8,65,103.4,115,208.1,109,8.5,3,3,False
NE,92,area_code_415,False,False,0,181.4,98,164.5,98,171.0,110,10.9,4,2,False
MA,61,area_code_415,False,True,28,239.9,110,218.9,87,166.0,46,12.1,4,1,False
WA,71,area_code_408,False,False,0,141.2,132,149.1,90,171.4,72,7.0,2,2,False
ID,174,area_code_408,False,False,0,192.1,97,169.9,94,166.6,54,11.4,4,1,False
MA,58,area_code_408,False,True,47,151.1,117,137.4,103,172.6,99,9.2,8,1,False
WV,139,area_code_415,False,False,0,271.6,130,156.0,131,136.3,108,11.6,9,2,False
SC,43,area_code_408,False,True,39,198.5,104,163.1,107,212.2,125,10.8,2,1,False
WI,95,area_code_415,False,False,0,198.9,101,209.7,91,145.3,55,11.4,4,1,False
OK,116,area_code_510,False,False,0,205.0,90,140.9,114,272.6,96,7.5,4,2,False
WI,96,area_code_510,False,True,18,172.7,86,133.4,113,259.5,70,9.8,3,1,False
AL,70,area_code_415,False,False,0,230.3,110,77.9,87,247.1,105,13.2,4,1,False
AZ,155,area_code_415,True,False,0,176.1,88,244.5,84,189.9,99,11.2,1,2,True
VA,153,area_code_510,False,False,0,195.4,107,154.6,96,142.8,97,11.6,6,1,False
ND,56,area_code_415,False,False,0,222.7,133,277.0,89,101.8,94,13.6,4,4,False
IL,118,area_code_415,False,False,0,103.6,107,82.0,149,169.5,103,6.6,6,0,False
NY,94,area_code_415,False,False,0,190.4,91,92.0,107,224.8,108,13.6,17,2,False
MA,78,area_code_415,False,False,0,130.8,64,223.7,116,227.8,108,10.0,5,1,False
AK,97,area_code_415,False,True,24,176.1,109,159.4,81,269.1,94,12.1,9,0,False
VA,66,area_code_415,False,False,0,145.6,105,250.9,82,156.6,102,12.2,7,1,False
CT,106,area_code_510,False,True,36,124.8,93,241.7,83,219.0,110,11.3,3,1,False
HI,97,area_code_415,False,True,43,121.1,105,260.2,115,222.4,100,8.3,5,3,False
MN,136,area_code_415,False,False,0,221.4,120,249.5,78,192.0,68,13.6,2,0,False
CT,124,area_code_415,False,False,0,151.0,98,120.6,119,152.8,81,9.2,2,2,False
MD,80,area_code_510,True,False,0,275.4,89,186.7,66,201.3,87,9.4,2,0,True
SC,104,area_code_415,False,False,0,109.1,141,187.1,140,216.6,100,10.0,4,3,False
ND,35,area_code_415,False,False,0,260.8,87,258.1,78,131.3,123,5.8,2,1,False
VT,106,area_code_510,True,False,0,196.7,100,210.2,109,173.8,83,7.8,1,4,True
ND,56,area_code_510,False,True,37,153.7,97,271.4,91,179.0,121,8.3,2,1,False
WV,78,area_code_408,False,False,0,226.3,88,306.2,81,200.9,120,7.8,11,1,True
SC,159,area_code_415,False,True,23,153.6,93,216.9,88,161.3,91,12.6,3,2,False
IL,53,area_code_415,False,False,0,214.3,138,232.2,99,0.0,0,8.3,5,1,False
NM,20,area_code_408,False,False,0,131.5,64,161.8,124,158.6,106,14.8,5,0,False
WI,114,area_code_415,False,True,26,137.1,88,155.7,125,247.6,94,11.5,7,2,False
TN,121,area_code_510,False,True,26,170.4,91,254.5,90,219.6,122,15.1,5,0,False
WV,191,area_code_408,False,False,0,162.0,104,241.2,120,210.4,83,10.9,7,1,False
WA,56,area_code_415,False,True,29,37.7,115,144.1,111,226.6,101,4.9,3,1,False
LA,109,area_code_408,False,False,0,123.0,111,237.2,103,258.8,91,9.3,12,1,False
UT,83,area_code_510,False,True,33,228.2,85,249.2,114,93.5,89,10.2,7,0,False
TN,112,area_code_415,False,False,0,272.5,119,226.1,94,159.1,94,16.4,5,3,True
ID,193,area_code_415,False,False,0,96.8,92,142.6,103,210.1,115,10.9,5,2,True
MA,97,area_code_408,False,False,0,217.6,81,320.5,51,150.7,110,4.2,3,0,False
WA,89,area_code_510,False,False,0,137.9,96,192.6,63,255.7,125,11.0,5,1,False
RI,87,area_code_415,False,False,0,210.7,46,215.6,116,170.4,79,13.2,3,1,False
CT,100,area_code_415,False,False,0,235.8,130,176.0,69,63.6,122,7.3,1,2,False
VT,60,area_code_415,False,False,0,193.9,118,85.0,110,210.1,134,13.2,8,3,False
IA,143,area_code_510,False,True,33,141.4,130,186.4,114,210.0,111,7.7,6,1,False
WV,62,area_code_408,False,False,0,128.7,111,169.5,104,193.6,97,10.3,5,1,False
RI,140,area_code_510,False,False,0,187.1,110,158.0,70,211.4,123,8.5,2,2,False
MN,56,area_code_415,False,False,0,222.9,100,145.2,110,170.6,129,5.6,8,1,False
MI,109,area_code_415,True,True,26,217.2,138,145.5,111,280.7,76,9.3,3,0,False
VT,121,area_code_415,True,True,44,254.1,127,180.2,108,196.2,129,8.7,4,3,False
DE,115,area_code_415,False,False,0,275.5,76,225.8,82,327.3,87,4.8,2,3,True
WY,146,area_code_415,False,True,11,180.7,82,173.7,90,231.5,89,10.1,4,2,False
MO,138,area_code_510,False,False,0,89.1,117,126.8,46,190.5,71,9.9,4,2,False
NV,48,area_code_408,False,False,0,247.6,114,172.3,110,264.4,107,7.1,3,1,False
ME,173,area_code_408,False,False,0,128.6,108,248.3,92,130.1,115,10.4,2,4,True
VT,95,area_code_510,False,False,0,203.4,96,168.6,61,173.0,105,13.7,3,2,False
TN,120,area_code_415,False,False,0,185.7,133,235.1,149,256.4,78,16.9,6,0,False
NV,121,area_code_408,False,True,44,116.0,85,150.1,120,246.8,98,12.0,2,1,False
WI,154,area_code_510,False,False,0,94.5,97,178.2,127,230.2,99,9.2,3,2,False
MS,162,area_code_415,False,False,0,70.7,108,157.5,87,154.8,82,9.1,3,4,True
NJ,83,area_code_408,False,False,0,48.4,105,139.7,86,154.1,80,11.5,4,2,False
WY,54,area_code_408,False,True,39,143.9,73,210.3,117,129.2,117,12.5,8,2,False
NH,8,area_code_415,False,False,0,176.0,97,234.2,136,193.5,134,8.5,5,1,False
IL,103,area_code_408,False,False,0,147.3,81,158.4,88,193.8,103,11.0,3,2,False
MI,108,area_code_408,True,False,0,115.1,114,211.3,70,136.1,85,13.8,3,2,True
KY,90,area_code_415,False,False,0,193.7,83,154.2,79,299.0,60,12.7,3,1,False
NJ,59,area_code_510,False,False,0,195.0,58,198.5,88,304.3,110,14.8,9,0,False
ME,146,area_code_415,False,False,0,174.3,113,200.7,107,281.2,145,11.6,3,4,False
AL,13,area_code_415,False,False,0,143.1,139,239.6,88,221.7,123,7.1,5,2,False
MN,24,area_code_510,False,True,25,164.9,110,209.3,105,231.2,55,6.7,9,1,False
KY,125,area_code_408,False,False,0,191.6,115,205.6,108,210.2,123,9.2,3,2,False
ID,224,area_code_510,False,False,0,111.4,133,175.0,66,217.2,106,5.5,6,3,False
KY,104,area_code_415,False,False,0,130.5,77,131.2,117,264.7,63,13.0,6,0,False
NY,99,area_code_415,False,False,0,182.6,83,154.5,111,196.0,57,12.1,5,0,False
VA,87,area_code_415,False,False,0,171.6,119,205.0,107,170.6,114,13.8,4,0,False
AL,55,area_code_415,False,True,28,222.5,134,177.8,106,194.6,90,9.7,4,2,False
WV,136,area_code_510,False,False,0,240.1,121,271.2,123,132.7,98,17.2,4,0,True
ID,68,area_code_415,False,False,0,186.5,108,190.2,107,187.8,103,11.0,5,1,False
WY,119,area_code_408,False,False,0,121.4,95,230.9,81,163.6,103,13.8,4,2,False
DC,94,area_code_415,False,True,31,209.3,90,281.7,111,190.1,66,7.9,5,0,False
TN,104,area_code_510,False,False,0,142.6,88,85.4,96,246.4,80,14.0,4,1,False
MO,142,area_code_415,False,True,30,154.0,75,165.8,97,270.0,83,10.8,5,1,False
NH,90,area_code_408,False,False,0,192.1,80,269.3,125,259.6,97,11.7,4,2,False
FL,113,area_code_510,False,False,0,92.6,85,177.6,92,159.8,72,14.4,4,3,False
LA,99,area_code_510,False,False,0,142.3,89,204.5,95,203.1,114,9.1,1,0,False
KS,117,area_code_415,False,False,0,184.8,83,248.6,101,133.1,113,9.6,8,1,False
UT,133,area_code_510,False,False,0,338.4,86,234.6,97,264.8,139,14.8,4,3,True
MT,173,area_code_510,False,True,20,60.2,100,118.1,76,230.1,131,13.3,4,1,False
NC,43,area_code_415,False,False,0,84.2,134,80.8,103,196.1,79,10.8,2,1,False
CO,86,area_code_415,False,False,0,217.8,93,214.7,95,228.7,70,11.3,7,0,False
MO,103,area_code_415,False,True,37,230.7,112,319.4,116,299.4,77,7.9,3,2,False
LA,114,area_code_415,False,False,0,169.2,96,149.9,83,196.9,119,4.6,4,2,False
OH,137,area_code_408,False,False,0,144.0,90,181.6,100,128.1,93,12.3,2,0,False
NM,158,area_code_408,False,False,0,172.4,114,256.6,69,235.3,104,0.0,0,2,False
ME,140,area_code_510,False,False,0,148.3,86,184.2,151,179.1,83,10.9,4,0,False
NV,161,area_code_415,False,False,0,72.8,120,267.1,120,222.5,91,11.8,2,2,False
ID,90,area_code_415,False,False,0,259.1,140,124.0,119,188.3,79,12.8,3,0,False
WA,143,area_code_510,False,False,0,133.4,107,223.9,117,180.4,85,10.2,13,1,False
IL,138,area_code_408,True,False,0,268.4,81,174.4,115,193.5,96,11.6,4,1,False
WV,84,area_code_408,False,False,0,86.0,83,260.7,86,98.6,109,8.9,4,1,False
AK,94,area_code_415,False,False,0,261.3,89,152.4,139,120.2,124,10.5,2,0,False
NY,181,area_code_415,True,False,0,161.3,83,124.4,83,262.0,98,14.1,3,0,True
AK,61,area_code_415,False,True,15,252.4,106,187.8,69,259.6,137,10.0,3,2,False
GA,120,area_code_510,False,False,0,147.7,101,144.1,71,237.0,115,11.1,5,0,False
CA,96,area_code_510,False,True,31,183.4,126,195.5,106,180.1,93,10.5,5,1,False
VA,76,area_code_510,False,True,33,189.7,66,212.8,65,165.7,108,10.0,5,1,False
AR,103,area_code_415,False,True,31,185.4,105,197.6,126,147.1,110,14.5,4,2,False
IL,130,area_code_415,False,False,0,155.9,95,256.1,97,262.9,103,11.7,3,3,False
FL,104,area_code_415,False,False,0,76.4,116,115.6,74,226.3,94,9.4,3,3,False
ID,123,area_code_415,False,False,0,132.2,122,169.9,101,150.1,123,12.9,11,3,True
SC,49,area_code_415,True,False,0,237.8,92,208.9,119,167.8,86,15.6,6,2,True
MA,72,area_code_415,False,False,0,141.9,98,188.1,63,115.2,49,12.0,5,2,False
IL,55,area_code_415,True,False,0,269.6,121,171.7,91,219.0,98,8.2,6,1,False
AZ,127,area_code_415,False,True,14,143.2,99,169.9,91,221.6,77,11.6,1,1,False
AZ,83,area_code_415,False,True,41,155.9,122,162.3,107,127.6,105,13.1,5,3,False
ME,102,area_code_415,False,False,0,228.1,86,156.0,97,227.9,124,10.6,9,1,False
LA,9,area_code_415,False,True,39,214.1,108,169.2,115,189.7,117,10.1,3,1,False
HI,148,area_code_510,True,False,0,218.9,88,208.0,85,203.3,99,11.1,4,0,False
MI,120,area_code_408,False,False,0,165.0,100,317.2,83,119.2,86,8.3,8,1,False
RI,111,area_code_415,False,False,0,229.4,107,214.1,99,289.6,95,10.4,6,4,False
KS,167,area_code_415,False,False,0,131.6,120,211.3,96,168.3,97,11.1,4,4,True
CT,94,area_code_415,False,False,0,200.2,113,128.9,116,278.9,109,10.4,5,0,False
AZ,141,area_code_510,False,True,22,215.4,123,328.7,98,160.5,89,7.8,6,1,False
TX,110,area_code_415,False,True,38,236.3,102,195.9,112,183.5,82,9.7,6,1,False
CT,163,area_code_408,False,True,40,231.9,56,211.8,91,268.5,74,12.3,3,2,False
PA,171,area_code_415,False,True,25,223.2,77,183.2,118,150.8,90,10.2,3,3,False
MA,17,area_code_415,True,False,0,162.8,118,229.6,91,332.7,94,13.6,3,0,True
IN,57,area_code_415,False,False,0,189.3,157,174.9,70,221.9,117,11.2,5,3,False
ND,84,area_code_415,False,True,33,159.1,106,149.8,101,213.4,108,13.0,18,1,False
WI,149,area_code_415,True,True,28,126.9,97,166.9,102,145.2,77,8.8,3,5,True
SC,64,area_code_510,False,True,40,210.0,116,232.7,89,168.8,94,5.9,4,8,False
IA,81,area_code_510,False,False,0,192.4,79,212.7,106,244.8,83,8.3,5,1,False
GA,90,area_code_415,False,False,0,113.2,108,189.3,63,271.8,124,14.1,4,3,False
MO,101,area_code_415,False,True,29,121.1,116,186.4,100,241.7,75,10.1,6,0,False
OR,100,area_code_415,False,True,20,123.7,98,200.8,125,181.0,118,9.6,5,1,False
WI,13,area_code_510,False,False,0,167.4,117,223.5,102,215.8,108,9.0,3,1,False
IN,158,area_code_408,False,False,0,119.8,123,262.2,122,219.8,111,12.4,5,1,False
NE,112,area_code_415,False,False,0,167.6,100,154.5,90,281.4,107,17.3,3,2,False
MO,161,area_code_510,False,False,0,221.7,95,193.0,82,194.1,113,6.5,4,3,False
KS,105,area_code_415,True,False,0,273.9,119,278.6,103,255.3,90,10.9,7,1,True
RI,28,area_code_510,False,False,0,180.8,109,288.8,58,191.9,91,14.1,6,2,False
VT,195,area_code_415,False,True,36,231.7,110,225.1,88,201.7,89,12.1,2,0,False
CA,37,area_code_415,False,False,0,191.1,69,129.2,113,207.5,117,12.9,1,0,False
MS,138,area_code_408,False,False,0,138.7,124,280.3,64,206.7,98,10.4,4,1,False
WV,67,area_code_415,False,True,30,129.6,107,233.0,104,297.0,93,14.5,5,1,False
LA,117,area_code_408,False,False,0,184.5,97,351.6,80,215.8,90,8.7,4,1,False
NV,22,area_code_510,False,False,0,160.4,108,218.1,88,192.9,115,12.5,4,1,False
MA,87,area_code_408,False,False,0,186.9,79,182.6,105,143.1,90,4.2,14,1,False
MT,28,area_code_415,False,False,0,121.7,48,125.8,112,261.6,122,8.3,2,6,True
AK,98,area_code_415,False,False,0,237.5,130,213.2,85,194.1,107,10.1,3,0,False
UT,108,area_code_415,False,False,0,210.6,117,164.2,103,201.4,68,9.4,5,0,False
WI,92,area_code_408,True,False,0,183.6,96,149.7,55,135.2,71,11.8,4,0,False
PA,141,area_code_510,False,False,0,215.6,113,200.6,81,153.8,107,12.4,6,1,False
DC,79,area_code_408,False,True,25,219.0,95,241.9,95,203.4,102,5.6,5,4,False
CO,63,area_code_415,False,False,0,211.8,84,230.9,137,217.1,99,10.7,9,3,False
TX,28,area_code_415,False,False,0,159.7,79,216.7,131,206.7,116,9.3,3,2,False
ME,112,area_code_415,False,False,0,185.4,114,191.4,119,144.0,78,10.0,11,2,False
WY,43,area_code_415,True,False,0,251.5,105,212.8,104,157.8,67,9.3,4,0,False
AR,63,area_code_510,False,True,49,214.9,86,198.2,89,170.8,139,8.2,5,0,False
HI,70,area_code_415,False,False,0,197.3,91,305.8,81,171.0,105,6.7,6,1,False
NH,161,area_code_415,False,False,0,173.4,100,213.7,74,141.5,69,11.5,4,1,False
HI,134,area_code_408,False,False,0,242.4,126,152.9,115,318.3,115,11.8,6,1,False
WI,41,area_code_408,False,False,0,202.9,97,153.8,104,113.5,92,9.0,3,3,False
MD,61,area_code_415,False,False,0,260.0,123,210.5,127,234.7,70,9.0,3,1,True
MS,78,area_code_510,False,False,0,131.6,102,290.4,134,190.5,95,0.0,0,3,False
NC,101,area_code_415,False,False,0,232.7,114,186.4,123,153.3,122,11.5,6,5,False
RI,101,area_code_415,False,False,0,176.5,105,198.6,136,210.2,150,7.7,5,0,False
NV,3,area_code_510,False,True,27,67.4,116,244.0,78,281.1,93,11.4,2,2,False
IN,94,area_code_510,False,False,0,245.0,112,180.4,91,262.9,105,9.7,6,1,False
ME,100,area_code_510,False,False,0,264.5,117,194.0,111,262.7,111,7.5,4,2,True
AZ,83,area_code_415,False,False,0,135.2,76,161.0,98,129.3,105,9.0,6,0,False
RI,138,area_code_510,True,False,0,286.2,61,187.2,60,146.2,114,11.0,4,2,True
WY,124,area_code_415,False,False,0,178.3,102,235.0,120,239.7,119,10.9,1,3,False
VT,107,area_code_510,False,True,28,201.8,79,304.9,128,225.6,133,11.9,8,1,False
ME,36,area_code_510,False,True,25,152.8,110,242.8,67,147.4,74,9.1,2,1,False
DC,70,area_code_415,False,False,0,152.8,145,183.6,102,151.8,75,10.5,2,1,False
AZ,76,area_code_408,False,True,12,98.4,100,187.5,119,177.0,68,15.1,3,1,False
LA,100,area_code_510,False,False,0,222.1,115,245.0,130,129.3,119,8.1,2,2,False
PA,119,area_code_408,False,False,0,287.1,115,159.3,99,216.8,86,13.9,1,2,True
AZ,85,area_code_408,False,False,0,201.4,52,229.4,104,252.5,106,12.0,3,1,False
AR,68,area_code_408,False,True,43,147.7,95,259.3,108,237.1,106,8.9,8,3,False
VA,129,area_code_408,False,False,0,207.0,91,154.9,121,245.1,112,13.4,5,3,False
CO,156,area_code_408,True,False,0,277.0,119,238.3,106,94.4,96,8.3,3,1,False
WI,103,area_code_415,False,False,0,180.2,134,97.7,85,181.7,134,8.4,3,1,False
NM,69,area_code_415,False,False,0,111.3,110,226.8,107,187.6,66,10.2,12,1,False
CT,169,area_code_510,False,False,0,192.8,98,273.2,125,266.3,102,11.4,6,2,False
KY,95,area_code_408,False,False,0,135.0,99,183.6,106,245.3,102,12.5,9,1,False
UT,139,area_code_510,False,False,0,258.7,94,190.3,132,247.2,73,11.4,2,1,True
MN,125,area_code_415,False,False,0,240.7,82,269.4,85,187.1,74,10.1,3,0,True
MT,113,area_code_415,False,False,0,283.9,98,137.1,91,159.0,110,11.3,5,2,False
NV,94,area_code_408,True,False,0,89.5,94,339.9,106,172.9,76,7.9,1,1,True
NV,118,area_code_510,False,True,35,256.3,119,258.1,91,215.5,130,11.7,1,1,False
IL,70,area_code_408,False,False,0,208.7,97,275.5,83,182.5,122,8.0,3,2,False
HI,40,area_code_415,True,True,21,147.4,117,262.8,110,202.0,97,10.9,5,0,False
WI,167,area_code_415,False,False,0,112.3,101,204.8,140,141.2,118,13.3,2,1,False
OH,116,area_code_415,False,True,27,204.7,118,209.4,91,212.9,67,7.0,2,2,False
ND,154,area_code_408,False,True,35,224.0,102,192.0,99,163.1,100,9.6,2,0,False
WY,141,area_code_408,False,False,0,301.4,87,269.2,111,148.6,95,14.4,5,0,True
IA,152,area_code_415,False,False,0,206.3,98,292.8,82,43.7,121,10.6,4,1,False
NC,111,area_code_408,False,False,0,224.9,117,191.9,127,229.9,97,10.3,3,0,False
AK,55,area_code_408,False,True,39,139.3,101,178.3,117,246.5,104,8.1,1,3,False
WA,124,area_code_408,False,False,0,282.8,108,246.3,89,256.4,96,10.3,1,3,True
GA,117,area_code_510,False,False,0,110.4,122,242.9,103,170.4,75,13.9,5,1,False
WA,78,area_code_408,False,False,0,140.7,77,195.2,114,252.9,107,11.7,5,0,False
CO,57,area_code_415,False,False,0,85.9,92,193.9,127,231.5,93,10.1,2,0,False
OH,133,area_code_408,True,False,0,254.7,103,252.2,80,178.1,103,8.0,3,0,True
RI,115,area_code_408,False,False,0,147.9,109,228.4,117,299.7,90,9.6,9,3,False
NJ,107,area_code_510,False,False,0,156.3,75,215.3,93,118.2,115,8.8,2,1,False
MO,20,area_code_415,False,False,0,190.0,109,258.2,84,181.5,102,6.3,6,0,False
NC,170,area_code_415,False,False,0,246.4,107,228.1,124,166.4,95,9.1,8,0,False
DC,141,area_code_415,False,True,37,185.4,87,178.5,128,218.3,107,8.0,3,4,False
NY,167,area_code_415,False,False,0,166.4,85,243.2,135,229.2,95,9.9,5,1,False
OH,32,area_code_415,False,True,31,232.8,97,183.5,111,206.8,111,13.0,2,0,False
VT,63,area_code_415,False,False,0,278.0,102,266.4,114,224.1,118,13.1,4,4,True
IL,135,area_code_415,False,False,0,247.2,61,168.7,122,169.8,100,6.6,1,0,False
IL,71,area_code_415,False,False,0,207.0,112,173.8,96,178.4,61,12.1,3,1,False
ID,101,area_code_510,False,False,0,195.8,105,184.5,109,172.0,128,11.8,2,2,False
HI,111,area_code_408,False,True,13,193.1,104,111.6,98,227.4,94,12.1,4,1,False
OR,53,area_code_408,False,False,0,261.2,119,250.8,105,176.0,112,9.8,2,0,True
AL,56,area_code_415,False,False,0,225.9,52,242.0,69,144.5,68,11.7,3,0,False
TX,85,area_code_408,False,True,21,219.3,132,218.2,105,267.6,95,15.7,2,2,False
DE,129,area_code_408,False,False,0,161.3,122,220.6,95,224.7,104,9.6,3,1,False
MN,95,area_code_415,False,False,0,149.2,96,260.7,116,201.0,120,8.1,2,1,False
RI,73,area_code_415,False,False,0,241.7,115,168.5,133,169.8,122,11.1,2,2,False
IL,71,area_code_510,True,False,0,186.1,114,198.6,140,206.5,80,13.8,5,4,True
CT,146,area_code_408,False,True,23,149.6,96,239.8,124,293.5,135,7.4,4,2,False
OH,69,area_code_415,False,False,0,229.2,111,165.3,104,235.1,80,5.2,5,1,False
CO,156,area_code_408,False,False,0,150.5,106,152.9,112,215.9,86,3.5,3,1,False
RI,137,area_code_415,False,False,0,209.1,104,189.4,96,214.4,83,14.8,4,3,False
SD,128,area_code_408,False,True,34,142.3,73,194.8,79,239.3,81,16.0,6,1,False
KS,132,area_code_415,False,False,0,83.4,110,232.2,137,146.7,114,7.6,5,1,False
AZ,82,area_code_415,False,True,33,137.8,95,235.5,128,268.1,70,11.0,6,2,False
LA,95,area_code_415,False,False,0,141.1,84,211.4,108,103.7,127,5.9,6,3,False
MT,127,area_code_408,False,False,0,271.2,110,213.5,80,201.8,102,13.2,4,0,True
MN,75,area_code_415,False,False,0,225.3,124,228.0,81,254.3,106,11.7,3,1,False
AK,110,area_code_415,False,False,0,148.4,95,193.8,98,206.0,106,6.9,6,0,False
AK,83,area_code_415,False,False,0,182.5,85,181.5,114,199.1,110,14.7,6,1,False
MS,76,area_code_408,False,False,0,173.2,93,131.2,80,170.9,104,5.4,3,0,False
KS,170,area_code_415,False,True,42,199.5,119,135.0,90,184.6,49,10.9,3,4,True
VA,75,area_code_415,False,False,0,224.7,116,192.0,79,212.2,98,11.3,11,3,False
AR,90,area_code_408,False,False,0,235.0,77,267.3,94,222.1,119,5.3,4,3,True
MI,76,area_code_510,False,False,0,90.5,142,211.7,75,194.9,76,9.3,2,1,False
ID,99,area_code_408,False,False,0,190.4,102,158.1,107,271.5,92,11.2,4,2,False
RI,63,area_code_415,True,False,0,62.9,112,202.9,111,259.0,58,8.9,8,1,False
TN,222,area_code_415,False,False,0,256.6,119,230.8,98,236.0,97,12.2,5,1,True
WY,113,area_code_408,False,False,0,158.4,107,142.2,104,174.7,108,14.9,2,0,False
MN,120,area_code_415,False,False,0,198.0,101,190.2,74,241.2,105,8.3,10,4,False
DC,139,area_code_510,False,False,0,203.2,81,152.5,99,197.8,76,9.7,3,2,False
MA,58,area_code_408,False,False,0,174.4,112,265.8,122,182.4,87,0.0,0,4,False
MA,123,area_code_415,False,False,0,209.4,49,237.4,117,239.2,98,9.8,11,1,False
WA,83,area_code_408,False,False,0,134.8,96,167.2,78,161.5,123,7.7,5,2,False
WY,134,area_code_510,False,False,0,296.0,93,226.4,117,246.8,98,12.3,10,0,True
UT,94,area_code_415,False,False,0,183.1,109,199.4,109,214.1,71,13.9,4,0,False
AR,41,area_code_415,False,False,0,102.9,114,107.9,119,277.6,99,11.0,4,6,True
SD,103,area_code_510,False,False,0,206.5,125,180.2,113,220.6,95,12.2,4,3,False
TN,90,area_code_408,True,False,0,127.2,94,221.1,108,110.7,106,11.2,3,2,False
SD,87,area_code_510,True,False,0,207.8,113,182.2,129,163.4,98,13.0,3,1,False
OK,97,area_code_415,False,False,0,151.6,107,155.4,96,240.0,112,14.7,4,1,False
NH,171,area_code_415,False,False,0,262.1,78,171.6,113,208.7,100,5.3,3,0,False
WV,111,area_code_408,False,False,0,171.5,108,204.4,106,238.8,90,10.7,4,3,False
MA,126,area_code_408,False,True,24,58.9,125,305.5,90,158.9,73,12.1,6,0,False
